EmpID,Name,Age,Gender,Sleeping Hours,Stress level,Medication,Hours of Meditation,Life Satisfaction,Relationship Status,Relationship Satisfaction,Acheivements,EQ,Mental Check up Score
619-51-3328,Sherlock Apedaile,28,Non-binary,12,4.9,1,0,0,1,2,5,83.1,5.229
262-15-1956,Christa Pogson,54,Genderqueer,8,2.5,1,1,3,1,5,8,40.9,2.951
388-46-9630,Ashley Saylor,41,Polygender,4,5,1,0,0,4,2,6,69.1,3.323
479-74-8924,Carmelina Selliman,20,Bigender,12,9.7,1,2,3,5,4,2,103,6.481
527-37-4349,Stacy Cescon,30,Female,5,4.2,1,1,1,5,1,3,43.6,1.611
700-51-9763,Joann Walworth,57,Female,8,9.2,1,1,4,2,2,8,51.6,2.479
722-12-5639,Coral Shawdforth,38,Female,13,5,0,2,0,2,3,7,48.2,2.103
385-59-3162,Kahaleel Hince,41,Bigender,6,8.9,1,0,5,7,1,10,48.5,1.69
394-32-2540,Hillel Selwin,18,Non-binary,10,6.9,1,0,5,4,4,9,84.9,6.165
180-31-5192,Nathalie Huet,50,Genderfluid,6,5,1,0,1,5,1,10,86.2,5.594
833-29-6691,Zeb Brigstock,50,Genderfluid,12,4.8,0,1,1,5,1,12,52.7,2.851
771-35-6044,Rikki De Anesy,39,Non-binary,7,8.8,1,1,1,6,1,3,58.8,2.575
484-62-6777,Olivier Drysdell,53,Bigender,9,9.1,0,2,1,1,4,2,73.9,4.657
391-66-8668,Broderick Callard,39,Genderfluid,10,5.1,0,0,2,7,2,1,63.7,4.063
245-83-6821,Doralia Measey,54,Bigender,4,1.1,0,0,3,5,5,5,106.3,7.771
832-96-3986,Phaidra Bigmore,18,Male,4,3.8,0,0,5,4,3,1,107.5,7.43
114-30-8786,Ky Wildish,27,Female,8,3,0,0,0,5,1,10,56.3,3.992
341-05-7098,Yolanthe Beadham,34,Agender,8,8.3,1,2,4,1,4,5,89.9,6.279
872-44-3328,Felicia Featherby,30,Non-binary,14,6.8,0,0,3,2,5,11,47.4,1.537
763-02-9977,Winston Fairlie,60,Non-binary,4,6.5,1,0,5,4,3,6,87.1,4.953
751-95-8286,Kiersten Norcross,51,Bigender,6,4.4,1,2,4,7,5,4,76.4,5.225
167-09-6640,Imojean Lamberton,37,Agender,12,3.3,0,0,5,7,1,11,88.2,6.534
728-69-7851,Mathias Jandera,46,Genderfluid,8,7,1,2,3,5,5,12,58.2,3.826
860-67-9453,Dorri Thelwll,19,Female,11,6.6,0,1,5,3,2,5,67.8,4.371
287-66-3637,Karolina Glendenning,57,Agender,12,5.5,1,0,0,3,2,2,92.1,5.721
793-17-2650,Lenci Hurdman,35,Bigender,10,6.8,0,2,1,6,5,11,48.2,2.887
783-02-1619,Ardine Gammons,26,Female,11,5.3,0,2,1,4,1,7,53.5,3.182
837-89-6622,Olympia Perschke,36,Non-binary,7,5.4,0,1,1,5,4,8,50,2.799
453-24-4906,Ody Woolacott,37,Polygender,7,1.6,0,0,3,4,3,2,41.3,2.62
234-48-2595,Albert Essame,38,Male,14,4.6,0,2,0,3,3,5,95.3,6.066
362-04-1954,Cleavland Lashley,47,Male,4,4.8,1,0,4,3,3,1,43.9,1.238
652-09-8808,Chrisy Wilhelmy,54,Genderfluid,4,3,0,2,5,7,5,8,67.1,4.314
223-66-4294,Sabine Witchalls,41,Male,4,6.2,1,1,2,2,2,3,101.1,6.121
805-34-5337,Joann O'Shevlan,30,Bigender,9,8.8,1,1,0,7,2,5,92.6,6.275
269-65-6798,Jeanie Lambart,22,Agender,7,3.1,0,1,3,6,2,1,58.9,4.024
627-59-8025,Moreen MacKaig,59,Bigender,7,9.1,1,0,2,4,2,12,93.7,5.844
774-85-9467,Aurelea Codron,59,Male,12,9.9,0,2,2,3,3,11,51.7,1.886
489-93-5871,Aguste Meriot,49,Polygender,7,4.3,1,2,1,2,4,5,81.6,5.81
131-74-7701,Darnall Petrolli,35,Non-binary,10,9,1,2,3,7,4,3,104.7,7.33
832-43-7275,York Kohrsen,57,Genderqueer,14,8.1,1,1,3,3,2,10,42,0.636
110-64-9611,Lucina Grammer,60,Male,13,9.4,1,0,0,2,5,3,47.9,0.736
364-07-3857,Adrianna Hallum,19,Genderfluid,7,3.8,1,2,0,1,2,10,64.3,4.514
379-44-6968,Adele Elfes,34,Bigender,4,5.9,1,2,0,3,1,9,79,4.352
190-74-2766,Fred Stiggles,22,Polygender,8,7.9,0,2,5,5,5,11,107.4,8.331
851-75-4023,Holt Willford,49,Female,7,1.3,0,2,3,4,4,11,98.7,8.349
355-57-8632,Patsy Begent,44,Female,14,4.7,0,2,3,2,5,2,99.1,6.546
692-32-4274,Ignaz Natt,27,Male,9,4.6,1,1,5,4,4,11,91,7.619
245-61-6029,Bebe Kuhlen,22,Female,5,4.3,0,2,3,1,1,4,93.2,6.439
184-35-0434,Gabey Asplin,27,Genderqueer,11,6.7,1,0,0,2,3,9,65,3.678
222-10-1304,Marlie Hulkes,35,Bigender,9,4.5,1,1,3,6,2,7,30.5,1.837
753-48-5430,Mara Krauss,44,Male,4,9.1,1,0,2,7,3,9,79.7,3.666
671-14-3552,Darrel Watson,51,Non-binary,4,1.9,1,0,4,7,2,2,74.7,4.607
305-30-3738,Ruthe Metzing,23,Agender,8,2.8,1,2,1,1,4,5,32.9,2.151
553-09-1005,Siobhan Janku,40,Genderfluid,13,1.2,1,2,1,7,5,4,102.8,7.798
121-78-4208,Cass Ioannidis,60,Genderfluid,6,8.9,1,2,5,1,5,2,51.9,2.061
594-75-3711,Ann-marie Peasgood,19,Genderfluid,13,9.8,0,2,1,3,3,1,84.2,4.325
467-85-3870,Irina Winwood,29,Genderfluid,4,3.1,0,1,1,4,3,7,92.8,6.205
380-78-0274,Vaughn Beresfore,41,Genderfluid,7,6.2,0,2,1,2,3,11,60.9,3.773
483-97-6662,Cissiee Dorant,37,Agender,13,5.4,0,2,0,4,3,12,101.8,6.997
682-59-2742,Shepherd Pigott,18,Agender,9,8.8,1,0,1,1,1,2,95,6.395
717-75-7968,Westbrooke Bester,40,Agender,5,5.1,0,0,0,2,1,11,72.3,4.064
325-21-9619,Doralynne Coiley,19,Genderqueer,5,6.7,1,2,0,2,4,5,44.3,1.415
664-46-5045,Barbara Dinis,30,Polygender,6,9.4,0,2,5,2,1,9,63,3.195
241-18-3696,Barth Atthow,45,Genderqueer,4,9.1,0,0,2,6,3,2,51.3,0.947
734-60-4732,Dario Streetley,38,Genderfluid,4,2.8,1,2,5,7,4,7,51.9,2.928
389-83-3341,Gerladina Coutts,43,Non-binary,10,2.1,0,0,1,3,1,5,105.9,8.497
722-99-4130,Ivor Ensten,41,Male,4,9.9,1,1,0,2,1,3,85,3.725
484-29-5794,Aguie Casford,20,Polygender,4,9.1,1,2,5,3,2,1,96.5,5.472
644-78-6787,Leonanie Demare,25,Genderfluid,11,1.6,1,2,3,2,2,1,46.4,3.266
340-65-4320,Sauncho Adie,59,Bigender,9,3.9,1,2,4,7,5,5,75.9,6.194
421-96-9008,Garrott Byrde,60,Bigender,11,8.2,1,1,4,3,3,11,50.3,2.384
439-01-2577,Les Daglish,60,Genderqueer,13,1.1,1,2,1,6,5,11,102.4,7.934
356-65-9544,Beryle Guiel,34,Bigender,7,3.9,0,2,1,6,2,4,88.6,6.536
522-17-2473,Lew Boynes,41,Polygender,8,6.4,1,2,2,1,2,9,69.3,4.717
846-21-3275,Lavinie Sleet,56,Genderfluid,12,7.8,1,2,1,3,2,12,44.1,1.53
264-59-3547,Ives Aitchison,49,Agender,10,4,1,1,2,6,1,3,101,7.719
289-37-8623,Tab Loghan,19,Non-binary,14,8.2,1,0,4,5,2,2,58.6,1.977
486-24-7101,Kati Northway,30,Genderqueer,8,8.4,1,2,2,4,5,3,35.9,1.246
572-76-6388,Dorolice Duckhouse,47,Male,9,3.2,1,2,2,6,3,4,75.9,6.144
698-84-7290,Chicky Stanluck,23,Non-binary,12,6,1,1,5,5,1,11,69.7,4.441
125-28-6940,Tallulah Shaplin,56,Agender,9,5.7,1,1,4,1,5,1,71.6,5.196
303-05-8271,Charlotta Shewan,41,Genderqueer,9,3.2,0,0,1,1,1,9,84.2,6.74
478-06-4299,Billi Yurocjhin,55,Male,10,3.8,0,0,4,3,3,5,94.4,7.34
233-18-5047,Isadora Titterrell,59,Bigender,11,8,0,1,0,2,1,2,92.7,5.685
281-12-4721,Noe Cashmore,27,Genderfluid,7,3.7,0,2,5,3,4,1,105.9,8.419
290-09-2503,Howard Botterell,32,Bigender,5,4,0,0,2,3,3,1,71.4,4.146
324-15-4305,Artur Hansed,23,Female,5,7.1,0,0,5,6,4,7,32,0.417
739-82-8145,Mehetabel Haskew,38,Agender,11,5.6,1,0,3,1,4,12,52.1,3.028
572-45-4226,Alidia Davidavidovics,53,Genderfluid,10,3.8,0,2,3,2,5,1,89,6.969
128-55-4312,Sophie Mudle,34,Non-binary,13,3.3,0,0,1,2,3,7,65.9,3.899
889-07-1040,Maddy Ommundsen,22,Genderfluid,10,1.5,0,2,3,6,2,12,94.5,8.314
805-60-2039,Ricca Beat,24,Polygender,14,7.3,1,1,4,1,2,1,58,2.169
624-41-9651,Carolyne Starmer,25,Polygender,13,7.8,0,1,3,5,5,3,73.7,3.901
420-70-7277,Ashia Heasman,57,Genderfluid,8,1.2,1,0,1,3,4,8,100,8.245
733-68-3802,Cindra Brocks,32,Genderfluid,6,1,0,2,2,7,4,9,45,3.21
221-47-2870,Meghan Weall,22,Non-binary,4,4.6,0,0,2,4,1,10,27.8,0.06
557-95-8752,Tiffi Borres,22,Male,8,4.5,0,2,2,6,1,2,46.4,2.955
679-20-3452,Baird Jostan,57,Bigender,6,3.2,1,1,3,1,2,8,77.7,5.418
898-60-7927,Fredek Sisland,36,Bigender,7,9,1,0,2,5,3,6,64.2,3.131
582-02-0057,Nariko Phillipp,41,Polygender,14,1,0,2,5,6,1,12,70.4,5.07
337-21-3249,Marya Ridley,51,Genderqueer,14,7.2,0,2,1,7,4,3,102.8,6.193
689-53-0416,Stormi Sykes,19,Polygender,13,1.7,0,2,3,5,3,8,84.9,6.439
291-31-9214,Jude McCome,46,Male,14,4.3,1,0,2,6,3,2,49.8,1.767
103-48-8949,Annis Dobie,20,Agender,12,4.4,1,0,1,7,1,8,71.3,4.451
393-74-2259,Sigrid Withey,54,Agender,8,9,0,0,1,1,3,11,80.5,4.97
277-86-5108,Sophie Haley,34,Agender,6,9,1,0,3,5,2,3,60.5,2.456
808-66-7639,Kelli Adan,27,Bigender,12,9.7,0,1,1,5,4,10,62.7,2.841
205-19-2596,Wit Hadenton,22,Non-binary,11,2.2,1,0,2,5,5,5,49.6,3.346
311-37-2045,Nicoli Larkings,41,Female,10,3.2,0,1,1,5,5,8,108,8.792
618-74-1973,Barny Sailor,60,Genderfluid,5,3.3,1,1,0,1,5,1,44.1,1.735
298-55-8193,Ricoriki Highman,20,Genderfluid,6,2.4,0,0,1,3,3,9,96.4,7.27
439-53-6005,Erica Cousans,29,Genderqueer,7,1.8,1,0,3,4,3,8,38.6,2.5
606-76-6531,Hadria Purse,22,Agender,14,8.5,1,2,3,2,1,1,32.2,-0.373
487-77-2868,Tod Bettleson,50,Genderfluid,8,3.7,0,1,0,2,3,6,60.3,4.176
140-69-2133,Cyndie Gallagher,30,Agender,12,6.4,0,2,2,1,5,4,97,6.645
826-96-7247,Glynda Storres,38,Genderfluid,9,6.1,1,2,4,4,3,10,99,7.964
557-85-2983,Stafani Foreman,58,Polygender,8,6.2,1,2,3,3,2,5,104.8,7.854
301-58-0029,Carla Auchterlonie,45,Male,13,4.2,1,1,3,4,5,3,49.2,2.317
550-32-7846,Lay Gallant,51,Genderqueer,4,3.6,0,2,2,3,2,6,48.5,2.162
716-64-8832,Libbie Durno,39,Bigender,13,9.2,0,1,0,1,2,7,34.8,-0.139
871-34-7288,Wyatt Howey,42,Bigender,9,6.9,0,1,4,1,1,10,100.8,7.814
346-39-9147,Dorey McGaffey,34,Genderfluid,7,6.5,0,0,0,5,2,8,102.7,7.069
469-89-3373,Micheline Dayly,27,Genderfluid,7,3.2,0,0,2,1,1,9,66.9,4.714
808-09-3486,Winny Vine,49,Genderqueer,5,7.3,1,0,4,4,1,1,30.1,-0.295
835-57-2153,Irvine Skylett,34,Bigender,4,2.4,0,0,2,5,5,11,28.1,0.636
556-17-0259,Sherlocke Fleeming,52,Bigender,6,4.5,0,1,3,4,2,8,93.4,6.621
709-87-6101,Udale Garham,28,Genderqueer,14,4.6,1,0,3,7,4,4,91.6,5.697
742-02-4596,Kiele Villar,34,Bigender,4,9.4,0,2,1,6,5,7,50.9,1.268
545-89-5710,Gerladina Filyukov,34,Agender,12,5.5,1,1,2,4,4,2,30.8,0.598
164-79-4017,Ulick Standon,38,Polygender,6,3.3,0,2,3,2,1,7,107.5,8.247
428-87-6767,Antonie Greenalf,24,Agender,6,2.4,1,0,1,3,5,6,37.6,1.872
541-44-6686,Byrle Shickle,53,Polygender,12,7.6,0,0,5,7,1,6,49.3,1.928
769-36-0601,Ada Bartelot,51,Female,4,3.4,0,1,2,5,4,7,102.8,7.061
223-53-5667,Luciano Skpsey,23,Bigender,10,3.8,1,2,2,5,4,1,101.9,8.101
422-06-7284,Eran McDavid,34,Bigender,9,2.4,0,2,2,7,4,7,33.9,2.748
511-77-4543,Della MacAloren,26,Agender,12,1.7,1,0,5,6,4,11,95.4,7.609
468-80-7819,Nicolea Dewicke,37,Polygender,8,7.9,0,2,3,7,3,5,33.4,1.216
762-45-5216,Claire Semonin,25,Female,12,7.6,0,2,5,4,1,3,44,1.71
685-17-7402,Forster Lansbury,54,Non-binary,8,1.4,1,1,1,4,1,10,106.1,8.85
371-87-3589,Carline Coote,54,Agender,5,2.9,0,1,5,2,4,4,76.6,5.22
860-68-0820,Cahra Vivash,54,Genderfluid,8,4.7,0,0,4,3,2,4,102.3,7.805
497-80-7871,Nickolai Wheatley,47,Genderqueer,14,1.7,1,0,3,7,5,5,37.4,1.414
490-08-3512,Portia Everist,32,Bigender,6,7.3,0,2,0,4,5,7,41.9,1.438
708-21-2170,Krissy Grono,50,Non-binary,4,9.8,0,2,0,1,2,3,107.8,5.97
555-32-3546,Jordain Bartolomeazzi,24,Bigender,5,4.7,0,2,4,4,3,2,72.2,4.523
339-01-1484,Temp Limmer,38,Bigender,8,4.1,0,2,2,6,1,3,95.3,7.391
511-53-3547,Doy Beceril,38,Genderqueer,8,9.9,1,2,2,6,5,1,103.7,6.939
597-50-1267,Blinni Cowley,33,Agender,5,8.3,0,0,4,3,3,7,58.8,2.425
345-96-5039,Alberik Hanssmann,49,Agender,12,6.7,0,2,1,6,4,1,54.5,2.497
530-72-0362,Dory Scraney,22,Agender,10,8.9,0,2,1,7,4,8,79.7,5.228
368-25-5168,Jim Issacof,25,Non-binary,9,6,0,1,4,4,4,8,46.8,3.248
403-76-2228,Hallie Rootham,60,Male,6,4.2,1,0,4,1,1,2,100.9,7.028
200-52-6696,Aymer Blackall,26,Genderqueer,6,9.8,0,1,1,2,2,2,90.4,5.018
288-15-3288,Nerita McNellis,43,Polygender,6,4.4,0,1,2,4,1,4,69.9,4.334
774-13-5170,Juli Scawen,52,Polygender,13,8.8,0,0,1,4,5,2,40.9,0.343
891-93-3002,Sandye Catherine,24,Genderfluid,7,1.8,0,2,0,5,5,2,97.3,7.771
781-89-2678,Loren 1,44,Non-binary,12,9.2,1,0,2,2,1,2,82.1,4.191
785-53-8498,Gaston Fellow,32,Female,10,9,0,0,5,2,5,7,82,5.4
248-96-0005,Bret Bickerdicke,43,Non-binary,7,8.5,1,0,5,5,3,11,61,3.282
409-09-7952,Lusa Tomblings,43,Agender,14,4,1,0,2,5,5,6,46.7,1.74
729-11-0760,Elset Skegg,26,Male,11,5.8,0,0,2,6,3,8,50.7,2.745
402-14-2441,Borg Danielut,32,Non-binary,7,4,1,2,4,5,2,11,68,5.04
547-43-3191,Jaymee Golborn,23,Agender,11,7.2,1,2,1,6,3,4,55.1,2.865
714-34-1163,Woodrow Gencke,35,Non-binary,8,3.3,0,1,5,7,5,10,49.6,3.878
796-40-3771,Hettie Doherty,44,Polygender,8,7.4,1,1,3,5,4,3,53.3,2.887
445-07-0989,Odelle Orton,43,Agender,11,3.2,0,0,0,1,3,9,47.6,2.829
439-58-6795,Wheeler Tanswill,21,Agender,14,4.8,0,0,2,2,4,11,88.5,5.608
331-27-4655,Arnaldo Shobrook,19,Non-binary,11,2.6,1,0,3,6,4,12,85.5,6.764
817-40-4786,Philomena Caesman,33,Genderqueer,9,3.6,0,1,4,4,5,6,93.7,7.903
182-52-0176,Matthaeus Kevern,30,Male,10,7.5,1,2,2,3,1,2,85.7,5.767
165-06-2401,Julia Mandifield,30,Male,4,8.2,0,0,5,4,5,10,88.1,5.016
801-83-1506,Zachery Floodgate,57,Female,4,6.9,0,2,5,4,1,1,87.8,5.02
294-26-7671,Niel Feldmark,21,Agender,5,5.8,0,0,3,3,4,10,53.3,2.57
640-78-3602,Dalt Barnsdale,50,Male,5,1,1,1,2,5,5,4,66.8,4.518
713-38-9733,Concettina Greensitt,42,Bigender,8,9.7,0,1,5,1,3,9,34.4,1.05
831-09-8162,Luciana Plover,30,Male,11,4.6,0,1,2,6,5,12,86.7,6.516
829-19-2408,Dulciana Pitblado,34,Polygender,9,3.3,0,2,1,5,4,5,31.5,2.213
723-06-2076,Agata Orritt,31,Male,10,1.3,1,0,2,3,2,3,70.7,5.535
640-01-7055,Marielle Rebert,21,Female,8,8.6,1,2,4,7,4,3,74.6,4.849
714-35-4189,Norry Bleby,45,Male,10,1.8,1,2,0,4,2,7,78.2,6.271
897-37-4431,Zaneta Node,51,Non-binary,7,3.7,1,0,3,6,3,11,79.9,5.827
811-86-7613,Roselia Postance,33,Bigender,12,5.7,0,0,3,7,3,5,52.2,2.547
368-12-6826,Estevan Shovlar,54,Agender,5,3.6,1,1,2,1,4,3,49.3,2.326
536-38-7607,Kelly Malletratt,38,Male,8,8.2,1,2,3,1,4,4,55.8,3.115
422-35-8487,Annice Saur,46,Non-binary,6,5.1,1,1,2,5,1,2,37.1,1.116
588-02-8026,Patience Endley,51,Bigender,4,8.3,0,2,5,1,4,12,84.9,4.901
677-10-6833,Fabian Mechi,43,Female,13,7.9,0,2,0,7,5,3,70.7,3.441
385-81-8581,Tessa Hambrick,58,Agender,8,6.1,0,1,4,1,3,7,70.3,4.86
173-70-1880,Aldwin Arnell,32,Genderfluid,5,5.4,1,2,0,7,2,12,58.7,3.059
828-61-6082,Nelle Benbough,25,Agender,13,6.4,1,1,1,1,4,8,83.2,4.98
651-62-5522,Yale Rosengarten,31,Agender,12,1.8,0,0,3,6,2,8,99.9,7.728
549-19-6100,Taylor Northwood,45,Male,6,9.6,1,2,5,1,1,5,105,6.705
296-07-8199,Cassi McMurrugh,34,Agender,5,4.5,0,2,4,3,4,6,70.4,4.502
640-06-5483,Rice Blare,25,Female,6,3.3,1,0,0,4,2,11,76.5,5.168
847-11-1552,Gherardo Dunstall,47,Polygender,14,6.7,1,1,0,2,5,7,83.6,4.492
556-51-1847,Rollin Cuckson,49,Non-binary,11,9.3,0,1,0,4,4,11,90.4,5.592
374-15-6121,Winne Dane,58,Non-binary,8,9.6,0,2,2,6,2,1,50.1,2.077
849-63-1875,Packston Cassel,25,Genderfluid,11,2.9,1,1,4,5,3,12,92.7,7.47
572-22-3824,Gil MacGuffog,35,Female,14,5.8,1,1,1,7,5,11,43.1,1.268
804-42-1778,Clarie Gowan,56,Non-binary,8,1.5,1,0,2,2,2,3,57,4.174
803-88-5844,Brita Dickerline,40,Bigender,5,1.9,0,0,2,1,5,9,106.1,7.978
827-96-4253,Berny Lowis,50,Polygender,14,5.7,1,1,0,1,1,11,63,2.839
492-71-3099,Naoma Brave,29,Agender,12,6,1,1,5,7,2,3,38.4,1.38
700-05-5703,Jenifer Fleote,35,Bigender,9,2.8,0,0,1,2,3,6,27.5,1.714
760-72-6455,Iseabal Sworn,51,Male,6,2.3,1,0,3,5,4,12,36.9,2.011
554-21-4563,Chrissy Pendleberry,18,Agender,6,4.7,1,1,0,7,5,8,80.3,5.383
186-74-5445,Sammy Kennelly,42,Genderqueer,6,1.3,0,1,1,7,5,5,40.2,2.396
452-70-5102,Lyell Goward,30,Agender,9,8.2,1,1,4,5,5,4,105.7,7.92
488-61-6938,Alessandro Ziehm,55,Polygender,7,2.7,0,1,4,3,1,7,51.4,3.521
478-18-0264,Hernando Beardall,36,Polygender,5,2.8,0,2,5,4,3,8,89.5,6.67
332-38-5774,Maryann Rowly,41,Agender,11,5.1,1,0,1,4,3,9,60.8,3.645
413-94-4324,Maye Harkus,27,Genderfluid,13,5.9,1,2,2,5,4,7,79,4.856
531-95-0107,Cathrine Audry,38,Male,8,7.5,0,2,0,1,5,10,85.8,6.012
722-61-6415,Fania Crookshank,42,Female,4,1.7,0,2,0,3,3,2,60.8,3.466
442-55-1713,Chrystel Empleton,28,Male,4,3.6,1,0,4,7,2,10,43,1.723
287-81-2079,Courtney Sheal,22,Non-binary,6,8.7,1,0,3,5,3,3,56.3,2.234
108-46-8846,Erek Adaway,54,Genderfluid,4,4,1,2,4,6,2,8,75.5,4.65
838-54-6923,Isobel Custance,25,Genderfluid,13,1.5,0,1,1,2,4,9,66.2,4.559
290-63-7823,Reynard Pimlett,25,Genderfluid,8,8.4,1,0,1,5,4,1,52.3,2.349
568-91-6935,Antonetta Hellewell,48,Male,6,8,0,0,4,3,3,12,107.9,7.303
869-95-4101,Dody Maginn,39,Agender,13,4.4,1,0,1,3,2,7,35.8,0.859
228-54-4036,Benny Llewelyn,46,Male,5,1.4,0,2,0,3,4,7,69.2,4.752
838-48-8787,Travus Addess,25,Male,5,6.6,0,1,0,1,3,5,54.3,2.197
849-04-6188,Diann Lofthouse,58,Agender,4,1.1,0,0,1,7,4,11,63.8,3.945
787-64-3880,Kass Skull,56,Male,13,4.5,1,2,0,2,1,11,104.3,7.211
378-29-9637,Tim Gianulli,38,Bigender,4,6.4,1,1,5,6,5,4,67.3,3.378
178-42-7033,Harriett Chesman,56,Agender,4,1.4,1,1,5,1,1,7,83.4,5.791
683-91-5529,Redford Caghan,40,Genderfluid,11,9.5,0,1,0,4,3,3,79,4.283
405-02-7662,Ephrem Beaver,47,Non-binary,13,2.4,0,0,0,2,5,2,84.2,5.529
158-39-1642,Marven Lindbergh,54,Agender,5,9.2,1,0,4,3,2,6,88.9,4.764
258-28-7706,Marisa Santorini,40,Bigender,5,2.6,0,2,4,4,3,8,97.9,7.383
133-97-9833,Viviyan Dudeney,24,Male,11,7.6,1,2,1,7,2,8,48.7,2.289
697-42-6968,Lorianna Breeton,30,Bigender,4,4.6,0,2,3,1,4,7,78.6,4.897
312-45-8127,Gilli Simonaitis,57,Agender,8,3.6,0,1,3,5,5,5,78.9,6.092
435-71-6950,Nerti Fremantle,51,Male,8,8.8,1,1,0,5,5,9,42.8,1.627
679-13-2509,Valli Stratiff,42,Female,4,5.6,0,2,0,3,2,1,61.7,2.668
411-97-7244,Oralla Valett,53,Agender,11,3.7,1,2,3,6,2,1,77.6,5.524
355-99-8906,Nikoletta Gwyn,57,Genderqueer,6,6.6,1,1,2,7,4,11,96.1,6.44
766-22-7209,Friedrick Davinet,29,Agender,9,9.5,1,2,5,7,4,5,39.4,1.875
676-59-9049,Nixie Belfelt,32,Polygender,5,2.1,1,0,3,7,4,7,88.7,6.332
765-75-9626,Olenka Lewendon,35,Genderfluid,6,5.5,0,2,0,2,2,12,88.1,6.021
785-27-6274,Thatcher Aitken,34,Female,7,8.3,0,2,4,5,5,8,40.8,1.73
245-95-8077,Nolie McMichell,59,Non-binary,9,7.4,1,2,5,2,5,2,65.5,4.503
285-63-4089,Corty Dirr,54,Polygender,4,5.7,1,1,1,7,2,1,67,2.988
497-36-1874,Augustine Goodinson,51,Non-binary,14,7.3,0,1,5,6,4,10,81.8,4.652
593-17-3972,Derrick McMahon,23,Bigender,8,9.2,1,0,5,1,5,3,48.5,2.221
680-80-1518,Sawyer Claeskens,37,Female,11,7.2,0,1,5,6,2,1,83.6,5.451
341-99-3721,Agnella Dron,41,Male,7,6.9,0,1,5,2,3,5,77.1,5.064
285-87-2585,Neil Paskerful,58,Genderqueer,4,4.2,0,0,4,4,3,4,85,5.172
481-41-9166,Thorndike Petracek,32,Polygender,4,8.8,0,1,2,2,5,4,53.2,1.47
235-35-1099,Malorie Heinel,21,Polygender,13,8.8,1,2,5,3,2,11,52.6,2.177
653-97-8726,Chloette Antonio,28,Male,4,3,1,1,0,5,3,7,91.2,5.967
145-73-2875,Elberta Glossop,33,Male,7,6.9,1,0,3,3,2,4,46.4,1.963
228-62-2736,Eleen Woolnough,18,Female,4,3.6,1,1,1,1,2,9,49.7,2.27
639-45-9848,Gualterio Sebastian,24,Polygender,7,4.6,0,2,2,6,5,2,74.8,5.298
263-80-5640,Remy Nairns,59,Genderqueer,4,7.7,0,2,0,2,3,11,86,4.695
281-19-5976,Carolyn Cromblehome,20,Polygender,13,8.7,0,1,5,3,5,9,28.4,-0.013
829-01-1172,Ariella O'Hickey,36,Genderfluid,12,8.4,0,1,4,2,4,5,34.8,0.621
840-03-0799,Dalton Fleischmann,19,Female,9,7.9,0,0,5,1,4,10,67.2,4.734
779-26-9639,Ashly Burtonwood,55,Genderfluid,7,7.4,1,0,5,4,5,8,83.5,5.473
845-13-7328,Sean Diaper,50,Bigender,10,6.2,1,0,5,3,5,3,91.3,6.591
671-80-0488,Salomone Lusher,53,Female,7,2.4,1,1,1,1,4,10,63,4.553
808-66-2667,Godfry Lamping,50,Female,8,10,1,2,5,2,4,1,68.3,3.873
780-06-4589,Allie Leavey,47,Bigender,5,2.2,1,2,1,5,3,9,45.8,2.525
819-14-7158,Rebecca Donaghy,25,Female,12,4.3,1,0,4,4,5,5,54.6,3.177
478-24-6066,Katrine Cotes,18,Bigender,6,9.2,1,2,2,4,3,6,36.4,0.627
463-86-3179,Agneta Prandin,28,Genderfluid,5,1.4,1,2,2,6,1,1,58.3,3.662
802-77-2295,Karlis Beachamp,56,Bigender,8,2.4,0,0,0,7,5,7,106.4,8.551
818-79-5410,Annmaria Harlick,19,Agender,10,7.7,0,0,5,3,1,3,68,4.248
231-90-5615,Lurlene Callington,51,Male,11,8.8,1,1,3,3,3,12,102.5,6.94
315-14-8162,Hallie Silbermann,39,Genderfluid,10,3.6,1,2,2,7,4,2,75.8,5.747
175-53-7917,Humphrey Blevin,56,Bigender,7,6.1,1,2,2,5,3,6,76.6,5.032
392-21-2774,Cammy Dongles,54,Male,11,5.6,0,2,5,5,2,8,81.2,5.847
467-06-1908,Renell Parrott,57,Genderfluid,4,8.1,1,0,3,5,1,9,101.3,5.793
486-86-7925,Burty Rapaport,48,Non-binary,7,4.9,1,1,0,1,2,2,67.9,4.114
254-68-5664,Shawn Coop,52,Non-binary,8,2.4,0,0,1,4,4,12,33.6,2.2
816-42-1709,Eileen Bagehot,52,Female,11,8.6,1,0,1,5,4,4,74,3.944
378-13-9411,Josephina Dayly,42,Non-binary,12,9.3,0,0,4,1,3,8,63.2,2.906
623-83-3437,Deni Bowman,55,Bigender,6,5.2,1,0,2,7,4,11,43.6,1.894
525-61-6711,Cesare Ruppel,23,Genderfluid,6,3.9,0,1,5,5,5,12,68.5,4.974
719-59-6011,Devan Ruxton,60,Genderfluid,5,8.4,1,2,1,7,5,12,65.7,3.128
225-46-7514,Sigrid Radish,49,Female,12,5.1,0,2,0,2,5,8,82.6,5.532
334-91-5051,Tess Pruce,46,Non-binary,13,9.1,0,0,4,3,5,10,84.7,4.69
554-54-2631,Pearle Shilling,49,Non-binary,14,6.1,1,0,4,4,1,12,84.9,4.919
185-76-8859,Alvina Canniffe,36,Non-binary,6,9.1,0,1,1,7,1,8,56.8,2.244
798-84-4263,Rollo Adam,24,Polygender,4,8.1,0,0,4,4,1,4,27.8,-0.727
811-88-1502,Heidie Spencley,55,Non-binary,14,7.8,1,2,4,4,1,6,41.2,0.672
487-54-7862,Carla Leger,39,Male,14,3.1,1,1,0,2,4,3,106.6,7.194
196-47-2733,Willy Hartles,44,Polygender,7,6.9,1,0,2,6,5,12,67.1,4.044
701-05-0656,Case McLurg,42,Genderfluid,12,5.3,1,0,1,2,2,7,58.8,3.03
483-12-6794,Brandy Jobern,51,Male,13,9.2,0,0,1,2,4,11,101.3,5.938
601-39-2729,Jocelin Iredale,30,Genderfluid,5,2.1,0,2,3,1,3,6,102.4,7.804
355-24-7889,Abby Simoneschi,50,Genderfluid,6,6.1,0,0,3,4,3,1,61.7,3.138
591-64-9037,Lemmy Dike,37,Female,5,9.6,1,0,4,2,4,5,95.6,5.367
157-57-4547,Elsinore Rowen,53,Genderqueer,13,7.6,1,2,2,6,4,3,42.3,0.978
187-40-9022,Mil Culwen,40,Non-binary,6,1.8,1,0,4,3,2,2,32.6,1.474
490-62-6783,Justine Trump,19,Agender,14,3.5,0,2,1,6,1,6,31.8,0.722
795-84-7456,Niven Channer,22,Bigender,9,8,1,2,1,4,1,12,66.9,4.545
429-39-5397,Raynard Cannaway,57,Female,13,2.7,0,1,3,6,1,2,52.8,2.822
850-13-9937,Noland Mellody,58,Agender,10,9.2,0,2,2,2,2,9,45,1.942
781-97-0966,Eirena Depport,55,Female,6,2.1,0,1,0,5,1,5,92,6.661
382-54-8269,Porty Castles,46,Male,11,5,1,0,3,4,3,2,91.8,6.37
104-30-3499,Rasla Shills,34,Polygender,4,9.8,1,0,4,2,5,7,85,4.173
870-82-3617,Howard Eckh,35,Genderfluid,4,4,0,1,3,3,2,11,63.6,3.591
172-28-9479,Dodie Bussen,39,Genderqueer,13,1.7,1,2,2,4,1,3,33.7,1.397
198-12-1713,Gayel Mattielli,27,Male,5,2.4,1,1,3,3,2,4,64.8,4.113
487-87-0182,Dirk Mariaud,42,Genderqueer,14,3.9,0,0,1,6,1,10,58.9,2.843
593-72-3054,Marga McLugish,44,Non-binary,4,2.6,0,2,5,6,5,1,32.3,1.085
328-37-1325,Correy Crockett,24,Polygender,14,3.4,0,2,5,4,4,3,74.3,4.815
607-49-8298,Connie Lunbech,56,Bigender,8,4.7,1,0,5,1,5,4,27.7,1.195
700-93-5976,Kyle Dobrovolny,30,Non-binary,7,3.7,1,0,0,1,1,12,103.7,7.805
858-50-4610,Rena Keming,18,Male,8,6,1,0,4,3,1,10,38.5,2.048
668-40-7221,Michaeline Lifsey,54,Genderfluid,7,7,0,0,0,6,3,3,49.6,1.999
380-96-3808,Janey Rowesby,30,Male,11,3.4,1,1,0,1,5,9,36.3,1.952
814-22-9560,Allie Schultes,54,Agender,6,3.4,0,1,4,2,2,4,39.1,1.91
863-08-7416,Maitilde Medford,53,Female,12,3.2,1,0,5,1,4,8,48.8,2.907
238-24-1506,Kelvin Coote,39,Genderfluid,7,3.1,0,0,0,3,5,6,85.3,6.227
575-56-4899,Cicily Spurett,47,Bigender,11,3.9,0,0,4,1,2,7,74.1,5.245
616-53-3070,Pat Brugman,47,Non-binary,4,3,1,1,3,2,2,3,31.5,0.58
778-44-6988,Marillin Braben,59,Genderqueer,12,4.3,1,2,5,6,5,3,86.6,6.183
119-94-0743,Alison Broscombe,53,Genderqueer,9,5.7,0,2,1,5,4,4,104.8,8.212
799-15-9749,Delainey Wigfall,36,Genderfluid,14,4.4,1,1,5,6,5,6,34.6,0.923
212-61-2032,Guillaume Gaughan,29,Female,6,5.4,0,0,3,1,1,6,77.2,4.848
612-76-1526,Susie Allnutt,49,Non-binary,12,4.4,1,0,4,7,2,9,95.2,6.743
775-32-5907,Lizzie Oret,52,Polygender,4,6.9,0,1,4,5,5,2,84.6,4.705
279-72-5350,Bailey Ellsom,37,Genderfluid,8,9.9,0,0,4,3,1,12,83,5.24
146-13-1925,Melisandra Lomis,44,Female,6,6.4,0,1,4,3,5,1,77,4.72
850-24-6316,Derron Eltune,30,Polygender,12,3.4,1,2,1,7,1,11,80.9,5.796
770-77-9300,Ardyth Calterone,48,Agender,10,7.1,1,1,3,6,5,11,104.9,7.852
526-71-6311,Cameron Father,37,Female,11,6.5,1,2,3,7,2,6,27.1,0.593
743-19-4042,Lyndsey Athey,37,Polygender,12,5.8,0,0,0,4,3,4,89.4,5.617
853-77-3042,Nanci Raisbeck,52,Genderfluid,5,4.9,0,1,2,7,4,6,82.2,5.159
412-97-3582,Thom Skull,19,Female,8,2.6,0,1,0,4,4,5,60.6,4.573
432-44-4937,Lilith Camden,55,Polygender,4,10,1,1,3,6,5,7,28.8,-0.946
290-40-7878,Tyson Wavell,31,Non-binary,12,3.9,0,2,3,5,5,6,82.7,6.009
323-20-6524,Marcel O'Doireidh,47,Male,14,4,0,2,2,4,3,5,100,6.725
524-67-0808,Lian Troker,25,Male,14,1.8,0,2,5,1,3,2,96.9,7.119
168-26-9738,Othelia Cambell,26,Female,8,2.4,0,1,4,2,1,10,86.6,7.25
250-04-5638,Granny Lankham,60,Agender,6,9.3,0,0,2,3,3,9,27.4,-0.478
572-78-0613,Loralee Peffer,38,Non-binary,13,4.5,0,0,3,1,2,11,80,5.13
706-54-0392,Lavinie Inman,35,Bigender,12,7.4,1,0,1,3,1,3,43.1,1.052
597-03-4759,Jammie Bricket,41,Genderqueer,8,9.9,1,0,0,6,5,2,85.2,4.913
197-98-1208,Waldo McCard,36,Male,13,1.6,1,0,3,5,5,3,72.7,4.89
312-24-9763,Atlanta Shawyer,29,Male,11,7.2,1,2,4,2,2,8,70.7,4.535
493-77-9411,Rhys Sandlin,32,Male,10,1.9,0,0,3,3,5,2,96,7.861
333-04-0878,Joya Puxley,31,Female,10,1.8,0,1,2,6,1,12,61.1,4.976
714-36-7268,Shalom Couch,30,Agender,10,7.5,1,0,1,1,1,4,74.6,4.518
617-78-2662,Padraig Tunaclift,33,Polygender,6,5.4,1,0,2,5,1,10,89.5,5.937
830-80-9875,Madeleine Wibrew,57,Non-binary,10,1.4,0,0,0,3,2,2,48.4,3.299
196-08-0009,Verne Margaret,26,Agender,12,5.4,0,1,0,7,2,8,79,5.026
840-11-5296,Jesselyn Anstee,33,Genderfluid,10,2,0,0,4,2,4,9,35.8,2.668
458-64-1509,Pippo Beggs,54,Polygender,12,6.3,0,1,4,5,4,2,79.8,4.964
625-23-0975,Sylas Marder,43,Bigender,5,8.5,0,0,0,1,4,12,84.4,4.548
215-25-4321,Agnesse Jeffress,54,Female,5,5.3,1,2,4,1,4,11,78.9,5.133
230-74-0663,Meade Sly,43,Agender,6,6.2,1,2,5,5,1,7,101.5,7.17
718-41-7618,Ashlie Antrack,30,Male,4,7.4,0,0,5,4,3,10,98.7,6.078
524-76-7460,Juline Elloit,44,Agender,6,9.8,1,1,2,7,5,1,60.9,2.367
610-95-5597,Fey Duxfield,34,Non-binary,14,9,0,2,0,4,5,10,97.8,5.593
639-55-4992,Carly Kerbler,36,Genderqueer,13,6.9,0,0,2,2,3,8,35,0.454
229-05-6612,Costanza Ackwood,59,Male,7,5.7,0,2,3,5,5,8,69.3,4.692
257-90-7401,Josi Brabben,53,Polygender,6,7.5,0,0,5,7,3,11,57.9,2.933
562-46-2421,Parsifal Deverell,60,Non-binary,11,7.5,0,1,3,3,1,3,30.6,0.438
351-35-0778,Elvina Caudell,18,Genderqueer,11,8.9,0,2,1,5,2,8,81.4,5.05
584-88-6201,Ronnie Exeter,39,Genderfluid,8,4.4,1,1,0,6,2,7,27.8,1.089
594-16-9868,El Paling,26,Genderfluid,8,4.3,0,0,1,2,5,5,106,8.237
390-28-6994,Chet Cullon,29,Bigender,13,3.5,0,2,3,5,5,5,43.9,2.28
472-90-5048,Analise Eastam,19,Agender,14,5.9,0,0,2,4,2,6,102.3,6.423
117-78-7102,Earvin Hedditeh,57,Female,7,2.7,1,1,0,7,2,6,88.7,6.543
344-96-2842,Agnesse Extil,26,Agender,8,2.8,0,1,1,4,1,9,89.6,7.196
242-62-9239,Marcellus Cansdill,54,Genderqueer,7,8.3,1,2,0,2,3,10,62.8,3.314
834-42-9647,Dionis Clowton,45,Female,9,1.9,1,1,2,1,3,8,53.7,4.425
796-29-5114,Natty Brunet,26,Genderqueer,11,1.5,0,1,1,2,2,3,107.2,8.603
334-73-2167,Sunny Wyre,53,Non-binary,13,6.9,0,0,5,7,5,11,100.3,6.635
664-17-4190,Ailee Demko,48,Polygender,12,1.1,1,2,3,3,1,11,52,3.751
550-47-0488,Ches Jobbins,42,Bigender,9,2.4,1,1,2,7,4,10,28.4,2.143
586-11-3596,Teresita Greally,33,Male,13,3.5,1,1,2,1,4,5,70.9,4.422
458-48-0693,Cara Stammers,51,Female,12,5.2,1,2,4,1,1,12,28.6,0.875
787-06-7356,Lydon Gergolet,40,Male,10,6.4,1,0,3,3,5,9,106.1,7.953
391-92-9519,Kristofor Houdhury,42,Genderfluid,9,4.9,1,2,5,6,2,9,53.5,4.117
345-98-1858,Shanna Geeves,58,Female,4,4,0,2,3,1,5,2,106.7,7.337
154-06-3551,Leelah Vowels,20,Agender,14,8.9,1,2,5,2,5,5,60.5,2.484
278-89-8725,Althea Fehners,30,Female,7,7.9,0,0,5,5,1,6,63.8,3.552
197-17-2683,Tine Wisam,18,Female,13,8.5,0,2,3,5,3,4,43.9,1.209
400-13-1153,Angil Biss,47,Polygender,5,4,0,2,4,6,1,2,69.2,4.243
478-41-6998,Jessie Strathern,39,Male,4,4.1,1,0,0,6,5,12,87.4,5.436
186-50-5039,Thomas Shaefer,29,Female,12,1.5,0,1,3,6,2,9,69.9,5.25
571-65-5632,Vivien Nolleth,25,Male,9,7.4,0,2,0,6,2,11,51.6,3.256
283-34-1358,Courtney Claessens,52,Non-binary,10,4.7,0,1,3,5,3,2,90.7,6.786
365-36-3302,Maxwell Ramelet,45,Agender,13,4.6,0,1,2,1,2,10,101.1,7.004
143-62-7407,Fran Chidzoy,55,Non-binary,12,7.2,1,2,4,2,2,8,52,2.46
607-61-0279,Alix Heersma,54,Polygender,14,6.8,1,0,1,5,1,2,55.1,1.566
148-92-3026,Robbyn Kernar,49,Female,12,3.2,0,2,0,3,2,8,63.7,4.14
318-99-4524,Damaris Eddies,22,Male,14,9.4,1,1,0,6,5,9,47.2,0.818
753-81-5593,Nevins Najara,31,Genderqueer,8,6.9,1,2,5,1,1,12,80.9,5.967
189-62-8701,Cammie MacCleod,30,Genderfluid,9,2.3,0,1,0,7,3,8,77.2,6.424
428-80-1324,Minny Thorneywork,47,Genderfluid,4,8.6,0,1,4,3,3,7,89.5,4.894
478-76-3092,Lynnette Fulop,31,Agender,12,10,1,1,5,6,3,9,82.9,4.746
452-69-4949,Josiah Pardew,35,Agender,4,4.3,1,2,4,3,3,8,84.8,5.516
586-35-1491,Steward Diben,31,Polygender,11,2.8,0,2,2,7,3,1,80.1,6.026
834-54-3380,Mina Wateridge,27,Male,9,4.1,1,2,3,7,3,11,62.2,5.082
246-54-1644,Dugald Kidgell,46,Genderfluid,6,6.9,0,0,3,6,4,7,58,2.859
656-10-7361,Lavina Asgodby,53,Bigender,4,8.6,0,0,2,2,1,8,38.8,0.023
744-65-3632,Anallese Garnson,54,Polygender,13,4.8,1,2,5,7,1,6,107.8,7.669
500-60-2795,Eugenius Lumsdall,40,Agender,13,7.4,1,1,0,6,2,6,94.5,5.529
209-04-7708,Jonell Rogan,31,Genderqueer,4,7.1,0,1,4,1,5,4,39.1,0.703
636-51-8497,Tove Bulcock,56,Non-binary,12,8.3,0,1,2,1,4,3,34.1,0.315
239-87-7567,Delmor Krabbe,27,Agender,9,2,0,1,2,1,3,10,101.9,8.926
630-73-5302,Franky McTiernan,53,Agender,6,4,0,2,4,3,1,1,33.2,1.255
676-41-7739,Randie Skin,40,Non-binary,12,3.6,0,1,4,2,3,5,68.9,4.653
134-46-9257,Hubie Galliford,59,Bigender,8,6.2,0,0,3,7,4,6,56.6,3.414
529-38-6435,Gabie Walklot,32,Male,5,8.7,1,2,5,4,3,1,58,2.353
559-18-3764,Mandel Cunio,39,Polygender,14,9.8,1,1,2,7,5,12,70.2,2.951
555-15-5878,Man Choules,36,Female,7,3.5,1,1,1,3,1,11,107.7,8.341
131-57-1352,Caria Soldner,44,Male,10,8.3,1,1,5,2,5,7,47.7,2.484
164-86-0190,Gilligan Hardesty,30,Agender,6,5.4,0,0,0,5,1,8,43,1.615
198-64-5501,Erica Snaith,36,Male,6,6.8,0,1,5,5,3,10,108,7.735
431-37-9124,Carley Sherry,53,Polygender,9,9.6,1,1,5,2,4,6,55.3,3.108
848-97-9758,Reginald Baltrushaitis,39,Bigender,6,3.4,1,1,0,3,5,11,62.9,4.068
593-77-6491,Helenka Pitt,56,Female,5,8.8,1,2,2,2,4,7,37.6,0.415
722-22-8739,Berne Kestian,32,Bigender,8,5.8,1,1,0,2,5,6,55.2,3.35
448-21-2214,Ronalda Cooch,40,Female,6,6.6,0,2,3,4,1,3,54.6,2.666
795-15-2468,Vikky Lamplugh,54,Genderqueer,8,6.6,1,2,4,1,4,2,88.8,6.381
118-22-6720,Terence Showalter,51,Non-binary,12,3,1,2,5,1,2,9,52.6,3.507
330-15-6617,Wendel Butterley,41,Female,12,6.8,0,1,4,2,5,9,47.6,2.24
484-27-0972,Malina Bulstrode,20,Agender,9,9.7,0,1,2,5,4,10,52.5,2.936
329-91-2039,Aile Sapwell,42,Non-binary,8,7.6,1,2,2,6,2,12,89,6.325
574-74-4682,Jemie Arnauduc,38,Male,4,6.8,0,1,3,7,3,12,87.8,5.229
170-14-0264,Elfrieda Ennor,18,Non-binary,8,6.4,0,1,3,5,2,11,51.7,3.312
408-08-5520,Sheilah Hathaway,22,Agender,13,9.4,1,2,3,3,3,9,45.5,1.235
504-45-4507,Regen Ciardo,52,Polygender,8,9.2,1,0,3,1,3,11,62.9,3.439
198-22-5301,Bria Goaks,31,Bigender,8,9.3,0,1,0,6,1,1,68.8,3.624
407-30-2939,Brandi Kilfether,27,Genderfluid,9,7,0,1,4,2,2,10,83.2,6.303
519-79-0683,Vivia Chaman,41,Bigender,12,3.9,1,0,4,7,3,2,75.1,4.884
357-83-1063,Aurel Bellingham,53,Genderfluid,13,6.2,0,0,0,4,2,3,55,2.025
765-18-8140,Fairfax Mitchall,31,Agender,9,8.6,0,0,3,5,1,11,68.4,4.425
370-75-4782,Talyah Kermitt,34,Genderqueer,13,5.1,1,2,0,4,4,7,62.7,3.383
313-59-6109,Lissy Trevino,30,Non-binary,5,1.7,0,0,3,7,5,2,98.3,7.219
164-46-5907,Torrey Burgin,26,Non-binary,7,7,1,2,5,5,3,11,72.4,4.936
543-40-8270,Sheila-kathryn Gunthorpe,29,Female,5,6.8,0,1,3,2,4,2,46.6,1.59
175-62-7902,Dory Hunday,39,Bigender,11,4.8,0,1,2,5,4,12,54,3.463
527-70-1704,Giustino Gregolin,36,Agender,4,7.7,1,2,0,4,4,2,102.2,5.934
555-23-6510,Christal Dyster,50,Genderqueer,8,9.7,0,1,1,7,2,4,71.9,3.94
859-73-9122,Abel Wiltshire,31,Bigender,8,1,1,1,5,2,1,4,70.9,5.946
698-29-5169,Teressa Paulat,47,Genderfluid,9,7.2,1,0,3,5,3,3,48.9,2.674
362-66-9071,Doralia Alekseicik,37,Genderfluid,8,4.3,1,1,0,2,3,12,56.2,3.854
831-91-2014,Micheil Demetr,23,Male,4,7,1,0,1,1,3,9,80.9,4.239
799-38-4399,Karol Sealand,26,Bigender,13,8.6,1,2,4,5,3,3,96.4,5.85
167-09-4862,Noach O'Lennane,56,Bigender,10,1.2,1,1,4,1,5,11,89.6,7.761
647-04-4562,Kiersten Kless,54,Polygender,14,3.4,1,2,4,6,1,5,63.9,3.612
419-52-3930,Anton Brandone,49,Bigender,5,3,1,1,4,7,2,7,107.5,7.904
798-05-2130,Welch Orton,60,Bigender,9,4.9,1,2,4,6,2,1,103.4,8.246
385-25-2292,Lesley Coulbeck,44,Male,6,5.2,0,2,0,7,3,10,84.5,5.697
651-30-0088,Klaus Donke,25,Genderqueer,9,6,1,1,1,2,3,6,42,2.466
133-42-0510,Grissel Whitehorne,52,Bigender,8,3.9,0,2,3,2,2,2,89.4,6.927
678-71-7439,Arabel Shotter,25,Male,5,4.9,0,2,4,7,1,5,63.6,3.731
264-52-8973,Cordi Filgate,33,Female,7,8.8,0,0,0,1,4,9,46.2,1.596
418-48-8275,Albert Acott,60,Male,4,9.8,1,1,4,4,2,11,80.7,3.854
401-88-9557,Chris Churchward,18,Polygender,13,5.7,1,0,5,3,3,8,45.6,1.92
504-49-4983,Jerri Van Vuuren,19,Agender,10,2.3,1,2,0,1,3,5,49.6,3.686
274-76-9035,Gwen Warcop,31,Non-binary,11,3.2,0,0,4,1,1,3,77.8,5.635
603-71-9347,Maria Lempke,56,Bigender,11,8.1,1,0,5,4,5,2,55.9,2.659
420-77-6886,Mata Lapthorn,46,Bigender,14,1.3,0,2,0,1,3,11,27.4,0.801
705-40-4194,Amelina Meegan,29,Male,12,5.3,1,0,1,5,5,9,39.7,1.514
576-87-3402,Ginger Lackney,51,Genderfluid,4,5.3,0,1,3,3,1,6,43.3,1.257
386-73-5299,Jeromy Jaouen,48,Genderqueer,9,4.1,0,1,1,7,2,3,80,6.121
868-35-7590,Marlo Ovenden,45,Non-binary,11,4.8,1,2,0,3,2,6,67.3,4.33
525-24-5050,Nyssa Bugden,51,Genderfluid,8,9.7,0,2,3,4,1,8,65.2,3.684
358-05-0361,Hymie Donat,47,Genderfluid,9,6.9,0,0,5,2,3,8,62.1,4.265
284-29-1287,Hailee Comrie,51,Polygender,14,2.9,0,1,5,5,1,8,85.3,5.741
871-21-2249,Prentiss Kensall,57,Agender,12,5.9,0,2,3,6,5,12,50.3,2.765
377-79-9044,Curtis Gordon,24,Bigender,10,6.7,0,2,4,6,1,9,44,2.615
747-90-3567,Nigel Cawdron,20,Female,4,4.5,1,2,0,3,5,10,51.3,2.38
295-25-7944,Roz Chominski,34,Bigender,7,4.2,0,1,5,7,2,7,75.6,5.553
782-01-7863,Merola Jeanneau,58,Non-binary,8,8.3,0,2,4,5,2,9,102.6,7.455
532-70-2357,Christel Youson,57,Non-binary,5,1.3,1,2,4,6,5,1,97.1,7.333
285-64-9249,Deedee Maddison,49,Male,5,1.8,0,2,4,2,3,6,28.4,1.207
762-12-2041,Maxwell Eskrigge,23,Male,7,2.9,1,0,2,1,5,5,89.6,6.793
823-16-4890,Lottie Domini,33,Female,9,8,0,1,0,6,2,7,84.2,5.784
533-42-3925,Reiko Eddies,50,Agender,14,7.3,1,0,1,6,3,5,86.6,4.457
136-62-5979,Malissia Purbrick,24,Agender,8,5.5,0,0,2,1,1,9,87,6.357
214-75-4726,Berton Copner,58,Agender,6,4.7,1,2,5,5,2,1,53.1,2.936
536-23-1025,Irena Dibb,52,Polygender,7,6.8,1,2,5,5,4,9,31,1.122
364-51-2149,Payton Scurman,38,Female,10,7.2,0,0,4,2,5,1,40.7,1.786
167-12-8749,Carolee Guildford,41,Genderqueer,5,4.7,1,1,4,6,4,1,54,2.637
262-58-4226,Samaria Gillam,52,Polygender,4,1.9,1,0,1,5,1,9,69,4.061
687-83-7547,Paulita Fairbrother,25,Female,8,2.2,0,0,2,3,4,2,46.3,3.261
250-95-2808,Cynthea Moggan,55,Bigender,13,2.9,1,2,4,7,1,8,97.3,7.11
493-65-9637,Paulie Goodburn,20,Polygender,12,3,0,1,4,6,2,1,56.5,3.613
572-36-2000,Deerdre Pennycook,43,Female,10,1.8,0,2,2,1,5,2,104.4,8.765
466-19-6333,Belita Sheed,33,Male,7,2.2,1,2,0,3,1,5,82.1,6.193
509-54-1760,Maximilien Wemyss,57,Male,6,5.4,0,1,3,1,2,10,60.1,3.482
556-65-2319,Robinet Tessier,23,Male,8,8.1,0,0,4,5,4,2,61.5,3.542
359-74-8299,Jenna Coneley,59,Bigender,4,8.5,1,1,5,3,3,7,97.2,5.595
325-16-7676,Julie Le Fevre,38,Agender,12,9.4,0,2,1,1,4,10,34.7,0.454
521-92-8743,Fifine Blazek,25,Agender,6,3.3,1,0,5,3,5,3,74,5.143
173-93-6495,Cirilo Halfpenny,35,Non-binary,6,8.2,0,2,2,6,3,3,95.4,6.011
324-47-8320,Licha Speed,35,Female,9,1.1,1,1,3,1,2,9,60.2,5.284
633-22-5059,Siana Brokenshaw,26,Genderfluid,10,6.3,1,2,0,2,3,5,66,4.277
237-16-6876,Tremayne Muckersie,37,Male,13,8.2,0,1,3,3,1,8,46.7,1.36
668-24-3934,Waldo Defty,45,Non-binary,11,7.2,0,2,5,1,5,10,89.1,6.398
327-23-7903,Lauren Witcombe,60,Agender,6,1.8,0,1,1,6,4,1,56,3.511
715-73-2897,Neala Suart,27,Genderfluid,13,5.8,1,0,2,5,4,4,103.9,6.788
132-49-0271,Mela Suscens,51,Genderfluid,4,2.1,1,0,4,6,3,4,52.3,2.639
392-37-9512,Konrad Circuit,19,Male,7,4.9,0,1,3,3,1,4,93.6,6.85
850-14-5585,Courtnay Speller,54,Female,5,4.3,0,1,2,1,3,9,74.5,4.647
790-67-0041,Abigale Nugent,34,Genderfluid,7,9.3,1,0,4,4,2,12,97.4,6.354
680-96-6640,Pembroke Oglevie,32,Genderqueer,5,3.7,1,0,5,4,4,2,59.1,3.322
494-62-6460,Jocko Muston,29,Female,6,6.4,0,0,5,4,2,2,41.1,1.439
183-30-9487,Melessa Askham,46,Genderqueer,7,5.1,0,1,1,1,3,8,87.1,6.136
798-72-7287,Lucille Kemwal,19,Polygender,12,6.9,1,2,0,1,1,4,90.7,5.729
711-28-5073,Deni Frichley,50,Genderfluid,14,3,1,2,3,1,3,12,29.7,0.829
812-04-2085,Hayyim Scobbie,32,Female,4,3,1,1,3,4,4,10,45,2.12
493-16-1044,Blondell Greenside,28,Male,9,7.9,0,2,0,3,5,9,93.7,6.953
192-20-8060,Rosaline Plet,32,Non-binary,10,7.4,0,0,0,2,1,5,76.3,4.693
866-24-5295,Farlee Dicty,51,Genderqueer,4,8.8,0,1,2,1,4,1,73.3,3.092
447-82-9302,Joyous Willmott,48,Polygender,8,5,1,2,1,2,2,6,94.5,7.097
482-90-4861,Gene Gerbl,38,Female,4,1.4,1,1,5,4,4,1,48.9,2.652
333-62-4074,Gabby Glanton,41,Male,11,4.4,1,2,4,6,3,7,42.3,2.517
103-32-4044,Hamil Pheasey,39,Genderfluid,9,1.9,1,0,1,7,5,3,64.6,5.146
611-17-0205,Konstantin Scuffham,29,Non-binary,13,3,0,0,3,6,3,9,35.8,1.476
330-91-2555,Kliment Huortic,48,Genderfluid,5,2.5,1,2,3,1,1,1,59.7,3.55
304-91-8646,May Clifton,58,Genderqueer,8,3.2,0,0,3,1,2,10,82.4,6.428
208-23-7002,Brion Ommanney,30,Female,6,3,1,2,0,1,3,9,77.2,5.477
229-67-2707,Denny Kenforth,57,Genderqueer,7,1.5,0,0,3,4,4,1,75.9,5.693
801-12-6636,Domenic Newlyn,42,Genderqueer,6,6.4,1,0,4,7,4,5,106.7,7.32
538-20-1796,Shamus Kipling,32,Agender,14,1.6,0,2,2,7,3,1,35.8,1.386
158-29-2860,Daryn Bennough,39,Female,6,8.6,0,2,2,7,1,10,68.7,3.658
733-33-6186,Mychal Hevey,32,Polygender,11,5.8,1,0,4,1,4,11,89.5,6.417
525-72-1409,Durward Pallent,21,Polygender,11,8.7,0,2,2,2,5,4,103.3,7.081
166-84-4221,Wolfy Dies,47,Male,13,6.4,1,2,4,3,1,7,77.9,4.622
578-02-1282,Ringo O'Dyvoy,41,Bigender,14,2.9,0,0,0,2,5,11,31.8,0.697
258-85-5441,Onfre Helstrom,42,Female,8,5.6,0,0,5,6,3,3,44.3,2.502
637-92-0719,Garwood Breinl,51,Female,10,2.8,1,0,0,2,5,12,92,7.285
658-05-9229,Carmel Tubbles,36,Bigender,13,8.3,0,1,0,6,5,7,49.7,1.493
495-14-5207,Nelli Geekin,32,Agender,6,2.2,1,2,3,1,2,12,74.9,5.699
212-32-2051,Stillman Crombie,53,Non-binary,5,5,0,2,5,2,4,5,58.4,3.293
346-58-0431,Piper Ramage,56,Male,12,5.5,1,0,2,1,2,8,73.3,4.351
291-54-8639,Giovanni Niessen,44,Female,5,6.8,1,1,0,1,1,10,78.7,4.309
462-72-6866,Bastian Tarry,48,Genderqueer,7,7.2,1,0,0,7,5,12,58.3,3.037
469-88-5275,Leigh Shave,27,Polygender,7,9.8,1,2,3,1,4,10,94.9,6.228
430-17-4208,Darb Gwyer,43,Female,8,8.2,1,2,4,5,5,10,64.8,4.187
204-63-4494,Dinny MacNeil,49,Female,11,6.3,1,0,1,7,3,1,57.8,2.858
626-16-5630,Terra Girardini,20,Non-binary,5,8.7,1,0,2,1,2,2,75.7,3.564
865-52-5098,Eolande Polland,50,Female,5,5.8,1,2,3,7,3,9,63.9,3.529
252-04-7983,Phillipp Jeanequin,26,Genderfluid,8,9.2,0,1,3,4,1,7,73.8,4.51
515-98-0132,Waiter Seyler,43,Male,13,10,1,2,1,1,3,11,61.5,2.372
554-99-0016,Kirstyn Coot,19,Female,8,2.7,0,0,3,5,3,6,30,1.888
772-94-7811,Letizia Soule,34,Genderfluid,8,3.8,1,0,0,1,2,8,82.5,6.068
100-12-1951,Ezequiel Llewelly,28,Agender,12,3.3,1,1,0,3,4,11,53.9,3.297
709-34-5213,Etti Silson,59,Bigender,5,6.9,1,0,5,3,2,1,91.8,5.415
175-22-7355,Ashton Cosgrive,37,Genderqueer,4,1.2,0,2,0,5,5,1,106,7.687
370-68-5457,Anthony Reef,28,Polygender,10,4.8,0,0,0,6,5,11,90.7,6.854
691-88-9138,Skye Shama,38,Male,6,2.5,1,0,3,1,2,3,98.8,7.252
524-97-5501,Christie Bough,54,Genderqueer,13,2.2,0,1,1,4,3,7,97.9,7.064
169-32-9462,Charlene Stood,18,Genderqueer,8,8,0,1,5,5,1,3,89.6,6.257
262-48-2206,Tommy Ottawell,23,Female,13,3.7,1,2,4,1,1,8,61.8,3.873
566-16-2972,Filia Smye,43,Female,11,2.8,1,2,0,4,5,9,88,6.799
441-06-0271,Gwenette Goseling,30,Genderfluid,8,4.7,0,1,3,5,4,5,59.1,4.141
896-19-3876,Trip Robion,41,Genderqueer,13,2.1,1,0,1,1,3,1,49.5,2.418
472-11-6007,Paton Corck,48,Male,8,9.2,1,0,0,2,3,7,78.5,4.525
337-38-9197,Maxine Della,46,Genderqueer,14,4,0,0,3,1,4,8,42.9,1.539
115-25-3643,Dur Muncey,30,Female,9,9,1,1,5,5,4,4,64.9,4.12
866-63-5166,Jacinthe Larcier,24,Male,9,2.5,0,1,1,4,3,11,40.7,3.29
875-05-2675,Eddie Greeson,30,Agender,4,6.8,1,2,5,3,4,6,39,0.931
549-43-6004,Addy Collyns,19,Bigender,10,2,1,2,3,3,3,4,37.9,2.876
612-31-8021,Bartlett Larham,18,Genderqueer,5,3.9,1,1,3,6,5,5,80,5.344
426-45-8501,Pancho Kinsell,25,Agender,11,1.1,0,2,4,5,3,2,31.6,2.219
384-97-9669,Staford Dobbins,21,Agender,10,1.6,0,0,1,1,4,9,61.4,4.911
150-37-6953,Isac Lavis,28,Female,6,4,0,1,3,1,4,3,57,3.449
863-16-6112,Carly Reveley,29,Agender,6,8.8,1,2,0,5,3,7,69.1,3.475
657-17-2381,Laird McIntosh,48,Male,11,7.9,0,1,1,7,3,5,91.4,5.839
725-75-3484,Oates Nellies,18,Polygender,9,1,1,0,1,3,5,8,63.1,5.462
410-60-1192,Gabriela Eliasson,58,Agender,7,6.6,1,1,0,2,1,6,49.5,2.163
854-02-6880,Amalle Kearney,45,Non-binary,4,5.3,0,1,0,2,1,8,49.1,1.647
172-28-2140,Arvie O' Scallan,52,Female,12,8.8,0,0,2,5,5,9,87.1,5.081
594-37-0723,Glendon Gladdish,49,Genderfluid,5,6.1,0,0,0,2,2,11,32.9,0.309
834-79-1280,Constantine Eade,38,Genderqueer,14,7.4,0,1,1,7,2,1,77.1,3.64
578-29-9188,Ibby Graalmans,60,Non-binary,8,8.8,1,0,3,2,1,11,87,5.611
525-78-9124,Ardis Jewer,19,Male,6,5.8,0,0,3,6,1,5,50.3,2.374
123-86-8716,Janos Bernardeau,58,Female,13,2.4,0,0,2,2,4,8,71.9,4.681
191-96-9509,Laure Kimbley,44,Bigender,10,9.6,0,2,1,7,4,5,76.7,4.621
429-18-4640,Aubrette Jeremiah,35,Male,7,7.4,1,0,5,5,1,3,34.7,0.876
483-79-3924,Yehudit Norledge,49,Male,6,4.4,1,2,4,5,4,2,35.2,1.433
219-69-0207,Gena Easseby,44,Agender,13,5.6,0,2,5,2,4,1,48.6,2.192
157-95-7174,Hirsch Loughran,43,Non-binary,12,4.8,1,0,0,7,3,4,49.2,2.137
326-98-1789,Leese Gapper,58,Male,10,4.4,1,2,5,7,1,8,95.4,7.586
582-62-0322,Sauveur Caldwall,18,Male,10,6.8,1,1,1,1,3,3,80.4,5.411
702-06-5748,Ollie Habbeshaw,36,Polygender,8,9.2,0,0,4,2,3,7,51.4,2.457
738-99-9946,Elset Corrie,34,Female,8,2.4,0,2,1,1,3,11,73.6,6.041
782-80-8456,Renee Sleeny,30,Polygender,5,8.8,1,2,0,7,1,3,76.3,3.638
864-27-5270,Ruperta Tinniswood,38,Polygender,9,3.6,0,1,3,4,3,3,77.8,6.231
598-06-8298,Sayer Cordero,25,Agender,6,3,1,1,5,5,5,12,64.4,4.732
642-28-7620,Lucille Conner,29,Agender,4,5.9,1,0,5,3,3,3,88,5.175
609-31-9496,Cordell Giddy,55,Genderqueer,14,4.6,1,2,0,1,1,8,79.4,4.562
191-37-5036,Silvano Bunker,24,Agender,10,7.2,0,1,4,1,4,5,85.8,6.122
107-02-8934,Celine Maha,60,Female,14,7,1,2,5,5,2,11,89.4,5.415
508-19-0880,Cassie Glossop,20,Male,11,7,0,1,1,3,5,6,35.5,1.213
761-17-2166,Ede Stanfield,50,Genderqueer,10,6.8,0,1,5,3,1,8,33.4,1.454
284-79-0359,Darrell Valentinetti,36,Agender,12,5.2,1,1,0,2,2,7,81.7,5.184
801-77-0203,Erminia Rowlson,47,Genderfluid,7,3.7,1,2,2,4,3,7,55.5,3.693
307-85-6982,Thedrick Claire,31,Genderfluid,5,4.9,0,1,0,6,3,8,40.4,1.362
673-54-5412,Alley Valde,46,Female,8,1,1,1,0,1,4,2,49.3,3.625
584-07-8731,Gay Ghest,23,Female,12,2.3,1,2,3,7,4,8,31.2,1.733
486-33-9498,Dusty Biaggiotti,41,Female,4,2.6,0,1,2,3,3,10,49.2,2.496
217-12-7640,Theodora Beavan,42,Genderfluid,9,6.2,1,1,0,1,4,1,29.3,1.016
636-47-2971,Cari Gebhard,24,Female,12,3.2,1,0,0,6,1,11,68.4,4.436
734-06-6084,Olly Berrecloth,19,Male,13,9,1,0,2,4,4,4,36.2,0.073
428-72-1057,Valene Angrick,23,Polygender,12,2,0,0,2,7,3,12,54.3,3.705
217-69-5619,Cleon Tramel,21,Bigender,13,9.3,1,0,5,5,3,2,85.3,4.535
491-20-1481,Worthington Servis,33,Male,7,5.2,1,2,4,7,5,6,47,2.834
483-57-5306,Ainslee Heales,47,Genderfluid,7,9.7,0,2,0,7,1,3,29.8,-0.15
418-87-4976,Row Moffatt,57,Bigender,12,1.5,0,0,3,2,1,9,35.7,1.925
617-62-6012,Windham Ballinghall,33,Genderfluid,14,5,0,1,3,3,3,2,50.9,2.007
744-59-3260,Gabriello O'Spellissey,51,Male,6,2.7,1,0,3,1,5,1,84.4,5.902
147-80-3468,Gabie Fyndon,28,Genderfluid,10,1.7,1,1,5,3,1,8,72.9,6.113
149-91-6646,Lisha Ashcroft,23,Non-binary,6,7.8,0,0,3,3,3,11,73,4.21
708-62-4732,Bat Fulep,33,Agender,5,3.1,1,1,1,2,2,7,90.2,6.173
774-64-2039,Ruttger Salle,52,Genderfluid,14,6.8,0,0,3,1,4,4,35.6,0.156
426-40-1257,Cathlene Leeburn,50,Non-binary,12,9.2,0,2,4,4,5,12,106.6,7.228
225-72-3771,Erl Boyet,56,Agender,7,9.1,0,1,5,3,5,9,36,1.038
809-50-8532,Muffin Cuxson,34,Polygender,13,6.9,0,2,0,4,1,12,55.9,2.503
708-23-1891,Eirena Geffcock,23,Female,7,6,0,0,3,3,4,12,75.4,5.164
799-96-3248,Wynn Jeannin,47,Genderfluid,6,5.8,1,2,3,7,3,6,80.6,5.251
777-63-0779,Corbin Simeone,38,Bigender,10,2.9,1,0,5,6,4,8,31.5,2.061
203-54-4188,Gino Washbrook,20,Bigender,6,6.8,1,1,1,3,3,12,77.6,4.814
217-14-5700,Aldous Chelley,24,Male,6,8.9,1,1,2,4,3,3,77.9,4.174
207-77-4286,Car Jaye,60,Polygender,11,2,0,0,5,7,3,11,60,4.559
332-97-3396,Latrina Meeks,52,Agender,8,9.6,0,0,5,3,2,4,35,0.794
888-22-9769,Silvester Baggott,37,Male,9,5.8,1,0,3,4,2,10,100.9,7.862
799-50-3958,Carlie Ruse,49,Non-binary,7,8.7,0,1,4,5,4,12,82.4,5.308
578-97-3617,Wrennie Mabbitt,25,Female,14,7.2,0,0,5,7,3,3,66.1,3.003
199-44-2309,Stanislas Recke,56,Bigender,14,1.7,0,1,4,7,4,2,79.1,5.261
611-42-2054,Andi Twohig,32,Polygender,12,9.1,0,1,1,4,4,4,54.2,1.997
281-76-1769,Alvis Masselin,20,Female,12,3.5,1,2,0,1,5,3,65.8,4.285
207-29-9869,Valina Syer,49,Male,10,4,1,0,3,6,1,3,42.9,2.44
259-83-6371,Josi Spinola,35,Bigender,12,1.1,0,0,1,3,3,4,97.7,7.429
800-69-1195,Louie Kilford,48,Agender,6,6.6,0,1,3,3,2,6,89.6,5.79
269-81-0423,Raven Duny,46,Male,14,2.5,0,1,1,4,2,1,107.1,7.342
628-85-2005,Corilla Channon,32,Female,4,1.2,0,1,2,5,2,7,40.1,1.887
115-82-0382,Lelah Davey,21,Agender,7,7.7,1,0,0,2,3,5,77.8,4.536
872-02-4633,Dalila Haddeston,49,Male,7,8.5,0,1,0,6,1,9,94.9,6.015
498-07-3382,Yule Harriott,55,Female,9,4.6,1,1,5,3,3,3,33.5,2.071
670-62-5541,Virginie Gribbell,44,Bigender,12,4,0,0,1,7,5,4,75.9,4.885
855-23-8727,Cathie Geldard,48,Genderqueer,13,7,1,0,5,1,5,5,42.1,1.161
771-04-2292,Jeannette Canfield,25,Polygender,8,7.7,1,2,3,6,2,11,68,4.529
860-40-4548,Dale Cranstoun,45,Genderfluid,14,3.3,0,1,5,3,1,6,51.6,2.582
231-16-2290,Ardisj Beaston,44,Male,5,7.3,0,2,1,3,2,2,91.9,5.422
690-89-4227,Arther Steljes,59,Agender,7,6.5,1,2,5,3,4,2,88,6.087
487-15-1653,Tarra Ivasechko,38,Genderfluid,13,9.2,0,1,3,3,4,7,60,2.403
800-60-6852,Florella Fisher,46,Female,11,8.3,1,0,3,3,5,8,93.2,6.043
287-16-5697,Deonne Hares,22,Agender,8,6.8,0,1,0,5,5,12,29.5,1.111
284-18-7736,Rolando Stubbings,36,Female,5,4.6,1,1,5,1,5,11,28.1,0.746
657-47-8633,Rooney Capinetti,56,Agender,7,4.7,1,2,0,7,3,7,74.8,5.054
896-50-9731,Rhona Goodwin,48,Agender,13,9.3,1,1,1,7,5,2,80.5,3.884
690-14-7494,Shalne Guye,47,Non-binary,12,10,0,2,0,2,3,11,31.2,-0.087
568-46-1417,Gertruda Chesnut,43,Genderfluid,11,6.3,0,2,1,7,2,7,85.2,5.782
146-11-2216,Duff de Tocqueville,49,Male,6,1.9,1,1,2,5,1,1,78.5,5.475
752-42-9683,Gerri Plumtree,21,Non-binary,11,6.2,0,0,2,6,1,3,69.9,4.21
721-31-7227,Cobb Salvador,39,Polygender,12,7,1,1,1,7,1,9,53,2.311
121-03-0975,Patten Gorusso,55,Genderqueer,13,4.7,1,2,5,3,2,8,50.7,2.638
536-33-5474,Ema MacTrustrie,40,Non-binary,6,4.9,1,1,5,1,4,1,78.3,5.156
885-79-2836,Kettie Koenen,39,Polygender,7,8.3,1,1,1,1,4,11,99.5,6.673
659-30-6182,Arie Baroche,30,Non-binary,14,6.8,1,0,3,5,3,4,40.6,0.605
557-15-7260,Meggie McCreadie,38,Polygender,11,8.4,0,2,0,1,5,2,72.3,4.068
708-23-3087,Eric Fellgatt,27,Genderfluid,12,2.2,0,0,0,7,4,5,106.1,7.982
400-57-4895,Else Wiz,47,Polygender,13,2.9,0,2,2,5,2,1,106.9,7.727
629-23-0509,Eddie Lamke,29,Genderqueer,7,8.3,1,0,1,5,1,12,95.5,6.176
738-53-1801,Alyse Kleinber,28,Polygender,10,1.2,0,1,4,2,3,7,60.3,5.094
622-50-4713,Chauncey Wardlow,31,Polygender,8,8.5,0,0,0,3,1,12,77.9,4.821
232-56-6994,Fran Parke,29,Genderfluid,4,9.4,0,0,5,2,4,3,43.3,0.497
268-33-7711,Joelly Gurden,38,Female,12,8.3,0,1,1,2,3,10,65.8,3.334
862-85-1813,Arlan Heap,48,Bigender,13,3.2,0,1,0,3,2,8,78.4,5.046
289-98-8288,Isidoro Costan,59,Genderfluid,14,5.7,1,1,2,6,4,7,37,0.585
746-09-0361,Florentia Roswarne,19,Non-binary,10,9.7,1,1,2,4,1,8,40.7,1.381
694-92-6648,Sharai Cayle,44,Male,14,6,1,2,4,7,1,9,89.4,5.51
374-64-4598,Cynde McColm,40,Polygender,14,7.1,0,0,4,4,2,2,47.4,1.143
394-68-8315,Kliment Jambrozek,29,Genderqueer,10,9,1,1,4,6,3,2,74.5,4.529
333-03-8881,Derry Vankin,55,Genderfluid,13,5.9,0,0,1,2,3,7,70.8,3.725
679-13-9397,Kelley Lorkin,48,Non-binary,12,6.7,0,2,4,5,2,9,67.7,4.078
593-05-3117,Noni Silwood,40,Agender,13,9.8,0,1,2,3,2,9,64.6,2.614
617-77-8859,Zedekiah Glassman,41,Female,8,6.1,0,0,4,2,3,12,36.7,1.916
642-21-3948,Phyllida Kurt,58,Genderfluid,6,4.9,1,2,3,4,2,8,90.6,6.339
432-19-6900,Jewell Saiens,40,Genderfluid,7,6.1,0,0,2,4,2,4,47.5,2.182
332-82-0828,Giuditta Scruton,24,Genderfluid,14,9.7,0,0,1,1,4,5,44.4,0.341
220-11-3599,Brittney Henzley,26,Female,4,3.5,1,0,2,4,4,5,86.6,5.449
642-42-7300,Joan Dimblebee,45,Female,8,6.2,1,2,2,6,3,12,104.4,8.025
581-36-0165,Fay Devas,34,Non-binary,7,5.2,1,1,1,5,2,2,46.4,2.235
370-09-5430,Judah Shewsmith,32,Genderqueer,14,2.2,1,1,3,3,4,12,72.7,4.841
217-67-6336,Jens Izod,44,Genderqueer,11,7.8,1,0,4,7,3,3,101.5,6.761
738-27-4454,Veronique Cranmore,35,Genderfluid,9,7.7,1,1,3,6,4,11,71.3,5.017
809-05-0982,Amil Sturgis,52,Female,9,1.1,0,1,4,6,4,9,36.9,3.31
216-25-1621,Xylia Splain,45,Non-binary,8,4.2,1,2,2,5,1,11,100.3,7.986
743-37-3142,Maurene Phizaclea,59,Female,14,2.4,1,2,4,2,3,5,63.6,3.842
154-49-8131,Paige Kervin,52,Genderfluid,5,7.4,0,1,2,4,5,10,87.5,5.261
611-11-7075,Benita Surgeon,60,Non-binary,8,8.1,1,0,5,1,1,8,105.4,7.464
208-19-8476,Skyler MacAlaster,56,Female,5,9.6,0,2,4,5,2,5,95,5.483
638-38-0183,Blinny Harston,56,Non-binary,13,2.9,1,2,1,7,3,9,41.1,1.929
826-86-4058,Johnath Wilmut,44,Female,9,5.3,0,1,3,7,2,3,32.2,1.719
349-62-5965,Job Iacovozzo,27,Genderqueer,12,6,1,1,1,3,4,12,86.4,5.761
162-84-5143,Sonja Kington,44,Genderfluid,6,2.3,0,1,5,4,4,12,37.2,2.369
720-81-9868,Harp Jorgensen,22,Polygender,11,7.4,1,2,3,6,4,11,74.9,4.991
552-97-0806,Bran Brunone,46,Non-binary,12,3.4,1,0,2,4,5,1,41.4,1.83
893-70-0234,Elenore Stiddard,35,Male,11,6.1,1,2,2,6,4,1,33,1.056
563-02-8418,Hilly Hrinchenko,27,Non-binary,8,6.4,0,0,0,6,4,5,51.1,2.75
641-63-6206,Humberto Rame,34,Male,9,8.9,0,0,3,3,3,3,59.7,3.385
649-56-6281,Jo-ann Comini,24,Female,7,4.7,0,2,2,7,4,1,49.4,2.931
451-49-5357,Whitman Tolomio,35,Genderfluid,12,9,1,1,2,4,1,8,36,0.417
461-07-9792,Conan Georgi,42,Polygender,4,3.3,0,1,4,2,1,2,66.9,3.779
177-04-6313,Elliott Girke,47,Genderqueer,14,3.7,1,1,3,2,2,7,69.7,3.991
746-95-1270,Haskell Askew,20,Bigender,9,5.9,0,0,3,4,5,7,73.7,5.532
773-11-7229,Zebadiah De la Yglesia,39,Bigender,7,9.2,1,2,5,7,1,11,106.8,7.451
859-17-2497,Mort Widdowson,48,Polygender,9,1,1,2,1,2,3,3,99.3,8.609
494-25-0065,Jess Oakly,50,Genderfluid,9,6.4,0,2,5,3,2,11,48.8,3.464
337-75-8903,Tressa Goodhay,49,Bigender,6,2.8,0,1,0,2,2,3,102.2,7.419
594-07-3860,Dennie Oldknow,48,Polygender,10,1.8,1,0,0,7,2,6,73.4,5.56
555-02-1494,Janka Breazeall,59,Bigender,10,3.3,0,0,3,4,2,10,81.9,6.36
727-36-3574,Herve O'Kane,35,Non-binary,14,2.3,1,1,3,6,2,3,100.1,6.943
134-53-5575,Richard Sallis,37,Polygender,12,1.9,0,1,3,3,3,12,78.2,5.998
579-63-0045,Scottie Haslewood,24,Genderfluid,14,2.3,1,0,0,5,2,8,67.2,3.857
722-78-0913,Roxane Blaxall,37,Polygender,6,9.5,0,2,2,6,4,1,75.2,3.882
420-29-1948,Aristotle Zelake,39,Agender,8,9.2,0,0,5,3,2,11,60,3.379
141-48-5122,Truda Peres,44,Bigender,6,1.1,1,0,0,6,3,12,102.3,7.93
794-86-7247,Aurora Chapple,41,Female,7,7.1,1,2,4,7,2,4,38.3,1.47
775-38-3670,Concordia Dodge,58,Male,13,1.9,1,0,0,7,2,11,65.9,4.086
377-78-1917,Iona Stockman,22,Female,7,6.7,0,1,2,3,1,3,73.5,4.542
749-20-7280,Charyl Phythian,39,Bigender,4,3.7,0,1,3,4,3,10,32.6,0.848
519-08-6667,Correy Rioch,20,Female,13,4.3,0,2,3,7,5,5,88.5,6.18
593-45-4394,Torr Switsur,18,Polygender,4,5.7,0,2,1,4,2,9,28.5,0.091
800-30-0204,Woodrow Stoke,51,Male,6,6.2,0,2,4,6,4,5,48.7,2.404
603-90-5815,Xenos Marriott,37,Bigender,8,3.4,0,1,2,3,2,1,72.3,5.322
887-29-8128,Abigail Danilenko,22,Genderfluid,8,2.9,0,2,2,3,3,11,63.4,5.151
318-62-6604,Bessie Latehouse,43,Genderqueer,10,1.5,0,1,2,2,5,11,31.3,2.399
753-72-1954,Gardie Ellerton,28,Agender,8,6.1,1,0,2,6,1,2,80.9,5.399
605-76-9919,Arvin Durand,29,Genderqueer,8,3.9,0,0,0,2,3,7,30.3,1.422
768-92-8424,Rosanna Humble,56,Genderfluid,5,6.3,0,2,0,1,1,2,67.5,3.301
630-38-4410,Margaretta Faloon,50,Male,4,2.1,1,0,4,2,2,4,97.7,6.698
416-14-6393,Darlene Hands,55,Bigender,10,3.7,0,2,1,7,4,11,72.5,5.63
667-64-4755,Keene Hubert,37,Genderqueer,4,6.6,1,0,2,4,2,2,100.4,5.839
536-87-3633,Francklin Gatty,54,Polygender,9,7.7,1,1,4,7,1,9,61,3.948
547-20-6065,Gabby Greaves,40,Agender,10,2.2,0,2,1,1,5,8,38.5,2.871
529-98-7186,Dorotea Lamcken,41,Male,9,3.3,0,0,1,2,5,10,74,5.951
779-25-4836,Reilly Churching,33,Non-binary,10,5.2,0,1,1,7,1,10,76.6,5.518
256-07-6432,Anastasia Held,42,Non-binary,5,3.3,0,0,2,5,1,6,97.3,6.675
158-26-8724,Daryl Navarro,45,Non-binary,7,4.7,1,1,2,7,3,2,33.3,1.221
787-51-1316,Corene Montford,34,Genderqueer,9,4.1,1,2,1,5,3,1,45.9,3.141
642-25-7754,Laney Cuthbertson,48,Non-binary,4,9.1,0,1,0,3,4,1,107.4,5.967
755-60-9788,Gordie Piercey,42,Bigender,5,9.5,0,0,4,1,3,1,98.5,5.531
631-06-6493,Regine Palmer,33,Genderfluid,5,3.7,1,0,2,4,2,2,83.5,5.244
828-17-0672,Bengt Beckhurst,41,Male,4,1.5,0,0,0,1,2,12,92.8,6.421
202-27-1756,Armand Moreinis,22,Genderfluid,7,2.9,0,1,4,4,2,9,86.9,6.896
723-13-6437,Bernie O'Hdirscoll,42,Female,13,9.9,0,0,4,3,3,1,59.2,1.91
217-33-4098,Robinett Sollom,51,Genderqueer,10,8.2,1,1,4,5,1,2,31.8,0.713
630-68-6446,Margalo Maulden,46,Polygender,10,9.6,0,2,5,4,1,8,85.7,5.705
481-90-0850,Brnaby von Nassau,38,Polygender,11,3.5,0,2,2,1,2,11,86.6,6.704
858-33-7960,Buiron Bensley,46,Non-binary,9,4.3,1,1,4,6,1,2,53.6,3.809
192-50-3199,Merle Fairtlough,21,Genderqueer,11,7,1,2,3,3,2,10,39.2,1.779
324-90-4078,Doretta Lyver,42,Bigender,5,9.3,1,0,4,2,1,5,94.6,5.232
494-47-8475,Rosette Millins,32,Non-binary,5,7.5,1,1,2,7,5,11,82.5,4.84
251-65-4992,Cori Ganiclef,33,Agender,10,8.7,0,2,4,7,2,5,74.3,4.786
787-86-7382,Drud Hallede,35,Agender,4,6.1,1,1,1,6,5,4,84.3,4.703
580-46-3530,Garrett Beevens,46,Genderfluid,5,9.7,1,2,3,3,1,6,56.1,1.87
751-70-3991,Edmon Snewin,47,Polygender,4,9.7,0,1,5,4,1,4,41.7,0.281
717-88-3084,Gage Edel,23,Polygender,10,6.4,0,1,4,1,1,9,47.9,2.915
211-99-2561,Zulema Ruttgers,38,Male,12,9,1,1,3,4,2,10,90.1,5.434
895-09-7414,Barty Messiter,32,Agender,13,8.8,0,1,4,6,3,3,96.3,5.699
325-53-1251,Celestyna Zarfai,39,Agender,11,2.2,0,2,2,1,4,6,41.3,2.806
373-52-5906,Millicent Gosnay,21,Genderfluid,13,4.8,1,1,0,7,3,5,54.2,2.541
383-17-9722,Alard Rollitt,59,Genderqueer,4,1.4,1,1,1,7,3,1,101,6.968
110-28-0674,Stephen Savine,37,Genderqueer,11,5,1,1,0,4,3,6,60.9,3.65
193-56-3595,Patti Bridgett,34,Agender,11,8,1,0,5,4,5,4,97.6,6.565
506-70-6802,Bridgette Nutter,27,Male,4,7.6,0,2,5,7,4,5,71.4,3.715
190-27-5331,Garik Targetter,48,Female,9,1.2,1,2,0,7,3,6,107.4,9.316
151-96-7538,Corrie Bowmer,48,Agender,4,5.3,0,0,5,5,2,7,96.5,6.134
467-38-1171,Lotti Hincks,47,Female,12,7.8,0,1,2,4,1,3,97.9,6.098
203-33-9753,Cherrita Reuben,26,Non-binary,5,5,0,1,0,3,4,10,76,4.66
185-39-8015,Drona Cridlan,22,Genderqueer,6,8.5,0,1,3,3,2,1,75.6,4.093
313-08-9678,Pris Jotcham,59,Genderfluid,7,2.8,1,0,2,4,2,5,91.6,6.768
602-11-7100,Dorotea Robart,38,Agender,10,5.6,0,0,2,3,2,9,102.9,7.73
453-82-0553,Gardener Rosenzveig,28,Polygender,5,7.1,1,2,2,5,2,6,73.2,3.986
843-08-7046,Lucinda Treagus,45,Male,8,6.6,0,2,5,3,2,7,81.4,5.951
150-21-3930,Storm Setford,41,Bigender,8,9,1,1,5,6,5,6,79.1,5.143
781-91-5379,Willie Bousfield,28,Genderfluid,10,4.7,1,0,0,6,4,5,48.7,2.835
606-17-5760,Hyatt Holberry,41,Non-binary,12,9.2,1,1,5,2,2,11,27.1,-0.119
135-71-4371,Diarmid Westcar,24,Bigender,9,1.1,0,0,4,5,4,6,102.7,9.134
888-51-6281,Mitchell Bikker,32,Polygender,4,4.8,0,2,5,6,3,9,47,2.172
273-12-4359,Brigitte O'Crowley,34,Non-binary,10,3.8,1,2,3,4,4,5,67.6,5.147
202-56-1568,Dunc Revell,23,Genderfluid,10,7,0,0,1,1,1,12,105.3,7.715
548-40-3319,Meaghan Lyenyng,38,Polygender,8,2.9,1,1,0,1,4,1,30.8,1.558
424-85-6288,Aubry Le Breton,34,Polygender,13,8.3,1,1,5,5,4,2,55.5,2.143
823-16-8935,Lee MacRory,51,Non-binary,14,4.5,0,0,4,3,2,1,47.7,1.651
391-65-1832,Christian Hazeley,34,Male,12,8.5,0,2,0,1,3,4,69.8,3.538
743-45-9060,Rudiger Aspling,58,Non-binary,11,6,1,1,4,4,5,9,84.9,5.965
530-29-7473,Elna Potter,27,Genderqueer,10,2.4,1,0,5,1,5,3,78.8,6.353
592-83-5922,Ulrica Weine,42,Genderfluid,11,8.9,1,2,3,3,5,3,39.3,1.169
513-31-9742,Cathrine Hancell,49,Genderqueer,7,6.2,0,1,4,6,4,2,70.9,4.498
844-71-4538,Raviv Reece,59,Male,14,2.3,0,1,0,5,4,12,68.7,4.212
268-50-0737,Rosalyn Everist,30,Genderqueer,10,7.9,0,0,1,7,1,12,76.3,4.877
601-64-0800,Ludovika Geist,35,Bigender,14,2,0,0,5,4,2,5,41.9,1.898
472-04-3327,Diandra Robertsen,28,Genderfluid,13,7.7,1,0,4,6,2,12,95.2,5.92
404-49-8509,Marti Gregolin,45,Bigender,7,7.1,0,2,2,2,1,4,52,2.57
129-13-2000,Corella Prior,50,Female,8,7.8,0,2,0,1,1,2,36.1,1.077
431-81-7853,Dixie Kemm,41,Male,9,9,1,2,5,6,3,9,105.2,7.942
492-44-7332,Cahra Everill,44,Non-binary,4,1.8,1,2,3,6,5,12,28.6,1.06
873-58-9689,Kate Eede,42,Genderfluid,12,5.5,1,2,2,2,3,10,50.6,2.68
152-89-1103,Jenifer Feldhuhn,31,Genderqueer,8,5,1,2,1,6,3,11,81.4,6.161
615-80-7068,Hermine North,56,Genderfluid,5,5.5,0,0,3,3,1,1,94.5,5.839
899-82-0144,Patricia Triebner,24,Genderfluid,6,4.1,1,2,2,2,2,7,90.2,6.499
470-53-0897,Zoe Gilfillan,24,Polygender,13,2.5,0,2,4,5,5,4,64.2,4.385
595-17-2729,Kass Tebbs,58,Non-binary,13,6.1,0,1,4,5,4,9,107.6,7.407
811-30-9692,Seward Avieson,24,Genderqueer,9,2.4,0,2,3,6,3,7,41.6,3.532
554-61-1993,Muffin Cauderlie,48,Male,12,7.4,1,2,0,6,5,9,87.7,5.491
209-82-9382,Coretta Morales,51,Bigender,8,3.4,0,2,2,1,5,11,39.2,2.807
665-63-5935,Kriste Mullany,25,Agender,9,3.7,1,2,5,2,4,1,34.6,2.563
837-47-2160,Sharon Reece,49,Bigender,10,4.8,1,2,4,5,4,6,32.2,1.799
641-24-3292,Timothee Ferruzzi,33,Bigender,9,4,0,0,5,4,2,4,57.5,4.361
183-63-5022,Kristan Signe,38,Non-binary,13,7.6,1,1,4,6,2,8,105.6,6.833
761-56-6331,Crin Clackers,39,Male,10,3.1,0,1,3,4,3,4,30.3,1.787
645-08-6914,Margarete Jeffries,38,Agender,5,3.2,0,2,4,3,1,11,32.7,1.426
545-07-0885,Red Lanktree,32,Genderqueer,9,4.8,0,0,2,7,3,9,74.4,5.688
124-97-7216,Shannon Tarren,33,Male,12,2,0,1,5,6,1,8,69.4,5.162
389-63-9822,Maritsa McRonald,29,Genderfluid,12,8.3,1,2,2,3,2,6,50.7,2.004
332-16-2019,Clemmie Ashtonhurst,20,Genderfluid,9,4.7,0,0,1,4,3,10,76.2,5.899
106-82-9003,Katusha Rego,20,Polygender,5,9.1,0,1,4,7,4,8,40.8,0.889
836-29-0100,Tito Broadbury,19,Genderqueer,11,4,0,2,3,5,4,3,100,7.795
443-29-8463,Isabelle Gallihawk,31,Male,14,4.5,0,0,2,5,5,4,71.6,3.914
442-63-2299,Hertha Tran,49,Bigender,11,9.9,0,2,4,1,2,2,55.2,2.368
324-75-8283,Dex Wintle,42,Polygender,11,6.9,0,0,5,7,1,10,71.4,4.518
881-85-3665,Pen Crown,41,Agender,5,5.5,0,0,1,4,2,7,75.3,4.226
244-14-8288,Vanni Cripps,42,Bigender,11,7.5,1,2,2,4,4,10,61.9,3.607
299-75-4444,Ilario Timperley,45,Genderfluid,5,3.6,1,1,1,4,3,9,71.4,4.421
253-91-2039,Heath Bartolomieu,36,Agender,6,7.2,0,2,2,6,5,8,52.1,2.53
321-13-3127,Maegan Blenkiron,46,Genderqueer,4,8.7,0,2,5,6,3,3,32.7,-0.166
217-32-6079,Darill Haigh,35,Female,6,3.8,0,1,3,2,1,4,85.4,5.955
830-44-4101,Ricki Benallack,48,Female,5,9.6,1,0,2,4,1,4,80.9,3.747
543-29-5998,Hazlett Canti,52,Agender,8,5.9,0,1,3,7,1,8,106.4,8.067
524-28-4003,Kailey Begg,60,Non-binary,5,9.4,0,1,4,4,3,11,63.9,2.806
182-87-0920,Gottfried Gerholz,40,Non-binary,14,5.3,1,2,3,1,4,10,60.3,3.102
834-68-3191,Zabrina Acory,33,Genderfluid,6,8.3,1,0,2,6,5,11,91.4,5.649
711-68-8981,Lucas Silveston,57,Non-binary,4,5.2,1,2,4,5,4,11,49.4,2.191
502-49-3276,Meredith Flecknell,54,Female,7,7.6,0,2,3,6,5,7,44.7,2.062
270-76-4825,Susi Popham,54,Genderfluid,5,1.4,0,0,2,5,4,10,98.4,7.347
113-96-4627,Mohammed Gepp,32,Male,7,1.6,1,0,5,7,2,11,79.6,6.418
614-07-9913,Katusha Rosenthaler,58,Polygender,9,7.1,1,0,3,1,2,9,75.8,5.235
273-89-0030,Ingelbert Buxcy,42,Male,9,1.9,0,1,5,3,3,7,90.1,7.941
258-03-4759,Legra Ipwell,21,Bigender,11,3.2,1,1,2,3,5,7,37.8,2.261
555-74-5914,Cointon Leah,41,Male,13,8.2,0,0,3,3,4,12,93.2,5.62
769-09-6746,Darcy Troutbeck,37,Polygender,13,8.7,1,2,4,4,3,4,57.7,2.325
873-64-6629,Wye Koppel,53,Polygender,14,4.8,0,0,0,6,5,8,84.5,4.914
576-60-0141,Molli De Luna,45,Genderqueer,6,4.4,0,2,2,1,2,5,106.4,7.793
849-55-1000,Blakelee L'Archer,50,Non-binary,9,7.7,1,0,4,3,4,9,58.2,3.677
529-60-9983,Hillier Leeder,40,Genderfluid,9,4.5,0,0,4,6,4,9,39.4,2.739
714-44-0636,Idalina Drewet,46,Non-binary,14,4.1,1,1,3,3,5,5,103.1,6.946
195-87-7803,Lothario Marti,34,Genderqueer,7,1.6,0,2,1,3,1,11,99.5,8.18
827-70-4178,Fabio Tanzig,45,Female,11,3.6,1,2,5,5,3,7,105,8.385
277-82-0955,Renato Kimbury,53,Genderqueer,5,3.5,0,1,1,7,3,11,71.2,4.51
504-10-3149,Sukey Buchanan,30,Genderqueer,5,9,1,2,0,4,4,3,66.3,2.786
258-11-3668,Verile Akitt,21,Non-binary,14,9.6,0,0,0,5,4,4,46.9,0.506
605-26-9572,Melissa Meric,22,Polygender,4,7.9,1,0,4,4,2,11,70.4,3.351
540-46-8694,Moyna Honniebal,44,Bigender,9,9,0,0,3,7,2,8,94.4,6.57
520-42-1963,Noll Mordacai,59,Genderqueer,13,6.1,1,0,4,4,5,3,79.9,4.592
750-12-2770,Allissa Hartless,33,Genderqueer,10,7.6,0,2,5,3,5,5,81.8,5.852
623-84-4932,Serena Jewitt,56,Genderfluid,14,8.6,1,2,1,1,1,2,86,4.203
830-36-0615,Giles Marshalleck,51,Agender,8,5.4,1,2,4,6,4,5,98.2,7.577
889-31-2206,Lyle Camerello,25,Non-binary,8,7.3,1,1,0,7,4,12,89.3,6.29
545-07-6926,Dierdre Ivashinnikov,29,Genderqueer,11,2.3,0,1,0,6,2,6,62.1,4.38
177-03-6051,Gardie Radenhurst,29,Polygender,5,9.9,0,0,4,1,1,6,58,1.945
123-07-3061,Samuele Bunney,44,Male,11,6.3,1,1,4,3,2,12,62.9,3.962
199-32-9596,Thomasa Huggen,36,Polygender,14,2.2,1,2,3,6,4,6,33.5,1.236
537-81-3844,Vittorio McKleod,22,Non-binary,6,7.4,0,1,4,3,1,8,69.5,4.025
701-09-8034,Allx Rollings,34,Female,8,1.2,0,2,2,1,4,4,98,8.379
805-86-4981,Dukey Bliss,46,Genderfluid,5,2,0,2,5,4,5,4,33.8,1.73
164-62-0864,Elise Gledhall,25,Polygender,7,2.5,0,1,1,2,1,5,99.2,7.709
555-49-0367,Judith Kittel,31,Genderqueer,5,3,0,2,4,4,3,12,35.2,1.813
447-77-7417,Rodge Branney,19,Genderqueer,10,9.2,1,1,5,1,4,12,48.7,2.626
865-73-1884,Tova Frantzen,49,Agender,9,7.6,1,0,4,1,4,7,107.6,8.087
873-69-7312,Robenia Rasor,27,Female,6,6,0,0,0,3,3,1,69.1,3.704
851-06-8816,Daron Adamovicz,58,Genderfluid,5,6.6,1,2,2,6,3,6,34.4,0.524
496-88-1873,Honor Headford,41,Male,11,2,0,1,2,3,5,1,93.9,7.335
533-14-0286,Lydon Norton,24,Genderqueer,5,7.9,0,1,0,5,2,4,35.5,0.178
867-93-4453,Alonso Campey,44,Genderqueer,10,8.7,0,0,4,2,1,9,67.7,4
594-93-7129,William Maker,27,Non-binary,9,10,1,2,3,3,1,9,64.3,3.912
132-89-5737,Flinn Feirn,55,Polygender,5,1.1,1,0,0,7,1,5,34.5,1.226
764-65-2236,Filberto Myrie,25,Bigender,13,4.6,0,0,2,4,5,8,82,5.28
452-51-7540,Leilah MacTague,60,Male,14,5.6,0,2,2,7,2,4,39.2,0.821
103-87-6019,Clevey Delnevo,26,Bigender,11,2.6,0,0,5,2,2,11,83.7,6.657
521-75-8902,Emmy Maudling,31,Male,11,1.4,1,0,3,2,2,3,85.1,6.58
538-62-1223,Auroora Saddington,52,Non-binary,5,1.4,0,2,2,1,4,3,70,4.826
578-99-0034,Bartolemo Youtead,41,Non-binary,13,2.8,1,2,2,5,5,12,52.3,3.223
824-03-2298,Siegfried Hicken,48,Female,12,6,1,0,1,4,2,6,28.3,0.089
118-87-2614,Inessa Havercroft,19,Polygender,7,3.1,0,1,0,5,1,10,57.3,3.931
622-60-8770,Millicent Bostick,30,Male,11,3.9,0,2,4,4,5,2,29.3,1.457
578-76-7162,Marje McGlue,57,Genderqueer,9,7.8,0,2,0,2,4,8,33.3,1.376
270-28-7512,Costanza Heinish,56,Genderfluid,12,5,1,2,5,2,5,10,58.1,3.688
785-31-9335,Logan Crosio,25,Bigender,4,7.1,0,1,0,5,1,3,78.6,3.859
476-55-7289,Magdalene Sogg,59,Agender,8,4.9,1,1,1,5,2,7,53.8,3.335
877-61-8759,Valina Alltimes,20,Polygender,13,2.2,0,1,4,6,4,5,92.1,6.865
504-93-7588,Rhody Haskell,42,Bigender,11,5.8,1,1,1,3,4,8,46.3,2.31
437-69-7457,Culver Tregenza,57,Bigender,6,9.8,0,1,4,7,5,11,42.1,1.128
438-51-1619,Shina Kubasek,19,Polygender,9,5,1,1,0,5,4,11,38.5,2.51
370-82-6833,Christy Lindmark,32,Non-binary,7,3.2,0,0,1,3,4,7,68.2,4.766
151-57-6392,Aurora Cawkill,44,Male,4,2.3,1,1,1,3,4,10,42,1.811
770-79-7988,Sonja Liddel,48,Genderqueer,11,1.2,1,2,4,5,1,7,41.6,3.044
693-64-7636,Edna Mettericke,18,Male,11,9,1,0,4,5,4,1,94.1,5.942
312-04-3741,Claresta Dotson,41,Genderfluid,9,4.8,1,1,5,6,2,1,90.9,7.147
527-71-0137,Cam Alyutin,31,Non-binary,13,8.9,0,0,5,5,2,1,48.4,1.232
347-85-4527,Ricca Daniello,54,Genderqueer,13,2.3,0,0,4,1,1,8,40.6,1.946
515-36-4152,Quentin Sibun,32,Genderqueer,9,4.5,0,0,3,2,1,1,71.2,5.233
447-73-5967,Matty Duckham,40,Male,7,3.5,0,2,0,5,2,9,51.5,3.338
226-59-8851,Bev Lund,22,Genderqueer,5,8.3,0,1,3,6,2,3,60.5,2.536
739-17-4672,Reg Poleye,43,Non-binary,13,9.9,1,2,3,2,5,12,96.8,5.8
712-86-5644,Madeline Andreini,37,Bigender,13,6.3,1,0,3,2,5,2,42.6,1.16
205-86-9457,Beatrice Ilyenko,51,Bigender,8,1.9,0,1,3,6,5,2,90.1,7.383
116-06-0398,Sean Upex,31,Genderfluid,6,1.1,1,1,0,4,3,1,78,5.584
662-22-6978,Hendrick Suddell,26,Genderqueer,11,8.6,0,0,4,4,2,3,66.7,3.557
360-16-7951,Josiah Blastock,19,Polygender,6,2.1,1,0,4,7,1,10,43.2,2.682
701-07-5591,Lexie Langrish,26,Bigender,5,9.6,1,1,4,4,1,8,37,0.264
577-26-9575,Paco Buckmaster,54,Agender,13,1.7,1,1,4,1,3,10,89.6,6.672
221-09-4531,Saxe Napier,25,Polygender,10,8,1,2,5,1,5,12,93.7,7.039
556-38-8051,Christophe LLelweln,42,Genderqueer,9,1.9,1,0,0,6,2,6,29.8,1.934
448-12-2809,Adamo Farron,46,Non-binary,14,8.6,1,2,1,4,1,2,81,3.782
620-01-0297,Wadsworth Gillan,60,Genderqueer,9,1.7,0,0,5,3,2,6,34.3,2.729
670-91-4349,Reider Pagon,51,Non-binary,4,8,0,1,0,1,4,4,79.5,3.768
797-77-3099,Kylie Reilingen,57,Non-binary,6,4.9,1,0,4,3,5,2,72.3,4.435
782-45-9981,Kimberly Hilary,19,Genderfluid,8,4.3,1,0,5,5,3,11,67.4,5.158
723-38-6457,Katharine Elstob,25,Genderfluid,10,3.8,0,1,4,5,3,8,42.5,2.993
539-84-4291,Jobyna Byass,34,Non-binary,13,7.7,1,0,2,6,5,1,83.3,4.441
667-85-6949,Eadith Whiles,43,Bigender,11,9.7,1,2,4,2,4,11,59.6,3.104
773-07-7036,Claudie Barford,59,Genderqueer,6,9.2,1,0,5,3,2,3,93.5,5.445
745-40-3540,Alphonse Kinghorne,19,Male,9,8.4,0,1,3,6,4,7,44.3,2.458
759-41-8167,Heriberto Harden,27,Bigender,14,9.2,0,2,3,5,3,7,88.3,4.79
291-98-8724,Atlante Ludovico,48,Polygender,12,7.9,1,0,0,5,2,11,49.9,1.714
183-17-9122,Timmie McGaffey,40,Bigender,10,1.4,0,0,2,1,1,1,59.2,4.402
237-89-8091,Seymour Kneale,23,Female,14,1.5,0,2,5,2,5,9,50.1,3.252
711-52-6344,Colline Riche,38,Male,12,9.7,1,1,2,2,5,10,43.9,1.149
589-73-0183,Anton Rawcliffe,55,Bigender,6,2.9,0,2,4,1,4,5,27.3,1.16
438-49-1509,Haleigh Dorow,38,Female,9,9.5,1,2,2,7,4,6,106.1,7.659
306-37-9255,Joelynn Gouda,28,Bigender,5,6.6,0,1,5,6,1,7,81.4,4.969
494-70-8243,Analiese Yarrall,59,Non-binary,12,9.5,1,1,3,5,5,5,79.9,4.288
197-72-7370,Bird Gardener,25,Non-binary,5,6.2,0,1,1,1,2,3,91.7,5.627
882-90-0870,Michaella Jekyll,60,Agender,11,1.2,0,1,3,5,5,6,74.1,5.886
472-93-9619,Bettine Vakhonin,49,Female,5,3.2,1,2,2,6,4,9,75.2,5.055
677-57-0543,Sibley Fabri,48,Bigender,5,3.4,1,2,1,1,4,9,87.4,6.044
738-09-9095,Tonya Fyfield,59,Genderfluid,9,4,0,0,0,1,1,12,89.2,6.99
420-59-1333,Michell Jochens,22,Genderfluid,11,9.5,0,0,2,3,5,3,84.7,4.962
296-14-4615,Oliy Havile,47,Genderfluid,4,5,1,2,2,5,4,11,85.7,5.388
677-51-6289,Laura Martins,45,Polygender,10,1.9,1,2,4,7,4,2,105.5,8.897
626-83-7786,Floria Gornal,30,Genderqueer,11,2.7,0,0,3,2,3,11,85,6.622
799-70-1586,Arlie Titcomb,56,Bigender,5,3.9,0,1,5,4,4,8,65.5,4.125
463-22-7198,Prent Airton,41,Polygender,8,7,0,1,0,1,4,4,59.6,3.418
338-83-0333,Joshia Gilleson,29,Male,8,7.2,1,1,1,5,4,2,57.3,3.179
292-32-2113,Romy Newtown,22,Genderqueer,9,2.7,0,2,2,1,2,11,37.2,3.105
874-89-7666,Berta Allaker,37,Polygender,5,6.5,0,2,5,5,2,12,93.5,6.339
425-98-1688,Horace Summerfield,38,Male,11,1.8,0,0,2,4,2,12,93.5,7.472
596-10-0187,Harbert Dundredge,25,Male,6,1.1,1,2,2,5,5,9,106.1,8.704
615-72-8723,Karrie Haycroft,47,Bigender,13,3.5,0,1,1,2,2,10,71.8,4.522
333-66-0570,Bradan Thyng,23,Bigender,7,6.8,1,0,1,2,4,4,100.1,6.789
267-36-1194,Alvie Vink,35,Genderqueer,13,8.9,0,0,5,7,4,11,72.1,3.707
487-26-4286,Briney Aulsford,44,Non-binary,7,9.9,1,0,5,5,2,6,105,6.765
632-43-0728,Jorey Scard,24,Polygender,14,4.3,1,0,1,5,2,9,47.3,1.746
715-63-8780,Lilli Ropp,30,Agender,11,7.9,1,1,5,1,1,5,78.6,4.924
412-87-5302,Carolee Bolderoe,53,Bigender,11,4.8,0,2,2,7,1,3,79.6,5.483
618-06-0191,Tomkin Calltone,32,Female,11,5,0,2,4,3,2,9,79,5.81
712-54-4168,Ashleigh Ousbie,49,Genderfluid,10,4.8,1,2,5,5,4,7,85.4,6.687
483-82-7755,Adolf Lotwich,56,Bigender,4,5.4,1,0,2,7,2,1,56,2.005
484-88-9224,Brent Radki,53,Agender,10,7.3,0,0,2,5,1,4,72.7,4.427
621-34-5264,Marjie Crosswaite,49,Genderqueer,8,1.8,0,2,5,6,5,7,92.1,8
158-80-9540,Wallie Boteman,44,Genderqueer,4,9.9,1,2,2,6,2,1,30.9,-0.924
749-95-3173,Meta Huckle,45,Genderfluid,14,3.5,0,2,5,6,2,12,44.5,2.231
410-61-8578,Clarence Denyakin,38,Female,12,8.4,1,1,0,4,3,9,106.9,6.862
784-40-0431,Rockey Cassel,33,Bigender,14,8.9,1,2,5,3,3,7,50.4,1.503
140-76-0311,Pamelina Penkman,22,Genderfluid,5,1,1,2,3,2,1,7,83.8,6.326
667-26-8163,Ninon Lomansey,57,Genderqueer,9,6.2,0,1,1,2,2,8,72.8,5.157
615-78-4484,Blythe Bode,51,Agender,12,1.3,1,0,4,2,3,8,48.2,3.158
430-27-2899,Davon Iczokvitz,57,Male,12,2.6,0,0,2,5,2,11,79.9,5.692
755-19-5143,Ainsley Given,41,Male,13,1.4,1,0,0,5,5,5,27.9,0.731
356-77-4221,Tildy Mallinson,26,Male,10,9.8,1,2,5,4,3,4,72.4,4.438
112-21-3307,Barnebas Highton,60,Non-binary,12,1.7,1,0,0,3,5,5,42.3,2.209
715-54-1544,Fielding Wilcher,43,Male,12,9.2,1,2,1,3,1,11,47.7,1.538
275-59-1270,Cassi Gashion,52,Agender,4,3.8,0,2,2,5,4,7,58.9,3.143
490-21-2853,Latrena Hacun,41,Genderqueer,11,6.3,0,2,1,3,4,11,43.1,2.18
733-67-8569,Bibby O'Henehan,29,Agender,6,7.7,1,0,2,2,4,9,49.7,1.95
630-40-7221,Carry Foster-Smith,20,Female,10,4.6,1,2,3,5,5,12,95.3,7.789
617-43-7561,Saleem Clyma,35,Genderqueer,13,5.2,1,2,2,2,1,7,77.9,4.776
264-67-3688,Francesco Wherrett,45,Genderqueer,14,8.2,0,2,5,5,4,2,66.6,2.993
410-03-9733,Arman Dunphie,20,Genderfluid,10,5.7,0,1,1,4,3,11,101.3,7.798
157-57-7399,Isabeau Hender,32,Bigender,7,7.5,1,1,2,3,2,6,73.2,4.363
590-76-4265,Maryrose Stubbeley,28,Polygender,14,4.5,1,2,2,2,4,6,67.3,3.761
566-86-3629,Fidelio Death,29,Male,13,7.7,1,2,2,4,4,4,62.1,2.856
229-13-1288,Claybourne Wartonby,55,Non-binary,5,9.1,0,2,0,3,4,11,67.6,3.085
350-80-4743,Yolande Benko,55,Polygender,11,1.8,0,1,5,6,5,5,102.9,8.475
159-49-0972,Josias Brassington,50,Genderfluid,4,4,0,2,0,3,2,10,70.2,4.014
171-06-0244,Briana Haye,30,Non-binary,8,9,1,2,2,5,5,2,52.8,2.611
127-83-8346,Albertina Corben,25,Female,10,1.5,1,2,2,2,5,9,76.7,6.574
168-49-0814,Joscelin Dewhirst,28,Non-binary,5,6.5,0,1,5,7,2,8,57,2.854
381-68-8275,Elmo Renhard,28,Non-binary,9,4.1,0,1,1,7,3,11,56.7,4.371
757-76-1777,Lilla Wayon,20,Male,14,4.3,0,0,5,4,2,4,106.4,7.271
586-11-7292,Augusta Beverstock,34,Male,14,8.8,0,2,0,3,3,12,38.8,0.325
777-95-8591,Pall Lukes,24,Agender,4,4.5,1,0,5,7,3,2,72,4.027
415-28-9279,Karissa O' Byrne,60,Polygender,8,3.5,1,0,4,6,2,6,105.6,8.348
573-56-8778,Abbott Deakes,49,Agender,5,9.2,0,0,1,5,1,7,84.1,4.186
