EmpID,Name,Age,Gender,BMI,Blood Pressue,Body Composition Index ,Water Intake PerDay,Daily Exercise Hours,Healthy EatingIndex,Alcohol Consumption,BRAC,Physical Fitness Checkup Score
619-51-3328,Sherlock Apedaile,28,Non-binary,37.1,117,9.1,2,1,5,10,88,3.73
262-15-1956,Christa Pogson,54,Genderqueer,37.14,85,13.6,10,0,17,10,114,9.06
388-46-9630,Ashley Saylor,41,Polygender,23.09,159,33.4,8,3,46,8,95,13.19
479-74-8924,Carmelina Selliman,20,Bigender,16.58,129,6.3,6,0,86,4,109,21.23
527-37-4349,Stacy Cescon,30,Female,36.64,76,19,3,2,14,9,117,8.18
700-51-9763,Joann Walworth,57,Female,23.22,90,31.4,5,2,15,4,98,11.74
722-12-5639,Coral Shawdforth,38,Female,48.48,96,2.3,2,1,80,3,115,17.48
385-59-3162,Kahaleel Hince,41,Bigender,37.59,91,16.4,4,3,63,4,80,14.53
394-32-2540,Hillel Selwin,18,Non-binary,32.02,133,48.1,9,1,58,6,91,15.8
180-31-5192,Nathalie Huet,50,Genderfluid,25.6,81,8,8,1,28,3,95,11.52
833-29-6691,Zeb Brigstock,50,Genderfluid,51.19,147,23.1,3,3,75,5,116,13.92
771-35-6044,Rikki De Anesy,39,Non-binary,43.64,141,22.8,2,0,3,9,116,3.11
484-62-6777,Olivier Drysdell,53,Bigender,15.89,134,19.6,9,1,48,5,88,13.22
391-66-8668,Broderick Callard,39,Genderfluid,20.56,139,1.5,2,2,27,6,120,11.67
245-83-6821,Doralia Measey,54,Bigender,32.15,161,0.1,7,2,21,4,99,5.45
832-96-3986,Phaidra Bigmore,18,Male,51.94,173,40.6,2,2,5,5,81,-2.58
114-30-8786,Ky Wildish,27,Female,26.66,78,49,10,0,37,9,97,14.6
341-05-7098,Yolanthe Beadham,34,Agender,25.85,177,25.2,6,3,63,3,102,14.38
872-44-3328,Felicia Featherby,30,Non-binary,19.7,115,1.6,6,3,87,10,111,23.12
763-02-9977,Winston Fairlie,60,Non-binary,45.99,74,27.4,2,1,85,5,116,18.28
751-95-8286,Kiersten Norcross,51,Bigender,48.25,179,10.5,1,1,23,5,110,1.54
167-09-6640,Imojean Lamberton,37,Agender,13.23,135,23.5,10,2,36,6,86,10.75
728-69-7851,Mathias Jandera,46,Genderfluid,60.42,84,35.2,7,3,22,4,102,5.18
860-67-9453,Dorri Thelwll,19,Female,45.09,89,34.9,5,3,16,6,82,5.92
287-66-3637,Karolina Glendenning,57,Agender,10.39,136,46.8,6,2,27,4,86,9.34
793-17-2650,Lenci Hurdman,35,Bigender,17.64,91,2.7,10,0,24,0,112,13.17
783-02-1619,Ardine Gammons,26,Female,13.43,114,37.9,5,2,99,6,96,24.36
837-89-6622,Olympia Perschke,36,Non-binary,61.46,81,32.4,9,0,59,1,85,9.36
453-24-4906,Ody Woolacott,37,Polygender,28.83,76,49.6,1,1,71,1,102,19.89
234-48-2595,Albert Essame,38,Male,60.45,174,21.6,9,0,51,1,94,4.08
362-04-1954,Cleavland Lashley,47,Male,34.68,117,13.4,1,2,9,2,108,7.39
652-09-8808,Chrisy Wilhelmy,54,Genderfluid,10.59,175,21.5,9,1,66,9,114,14.03
223-66-4294,Sabine Witchalls,41,Male,57.97,130,48.8,4,3,57,7,82,8.96
805-34-5337,Joann O'Shevlan,30,Bigender,41.89,73,30.9,1,3,66,5,90,13.96
269-65-6798,Jeanie Lambart,22,Agender,34.4,64,18.8,2,2,79,4,92,16.75
627-59-8025,Moreen MacKaig,59,Bigender,60.47,152,41.2,5,0,84,7,106,12.68
774-85-9467,Aurelea Codron,59,Male,10.33,97,41.3,2,2,92,8,109,24.17
489-93-5871,Aguste Meriot,49,Polygender,24.89,112,6.6,10,2,63,3,98,18.72
131-74-7701,Darnall Petrolli,35,Non-binary,33.68,116,15.8,3,3,72,5,115,19.34
832-43-7275,York Kohrsen,57,Genderqueer,19.39,111,9.2,7,1,88,0,115,24.63
110-64-9611,Lucina Grammer,60,Male,40.13,90,8.7,7,1,79,3,114,19.33
364-07-3857,Adrianna Hallum,19,Genderfluid,50.86,159,33.2,9,0,2,1,110,1.18
379-44-6968,Adele Elfes,34,Bigender,15,177,33.3,7,2,83,3,109,18.22
190-74-2766,Fred Stiggles,22,Polygender,28.34,73,9.6,2,0,57,0,84,13.86
851-75-4023,Holt Willford,49,Female,33.47,92,29,8,0,30,4,86,11.06
355-57-8632,Patsy Begent,44,Female,26.32,150,37.5,3,3,100,9,97,22.19
692-32-4274,Ignaz Natt,27,Male,55.71,175,9.7,7,0,98,1,81,11.12
245-61-6029,Bebe Kuhlen,22,Female,38.92,107,30.3,8,0,42,7,103,13.51
184-35-0434,Gabey Asplin,27,Genderqueer,41.38,131,33.5,3,2,39,8,81,8.39
222-10-1304,Marlie Hulkes,35,Bigender,36.12,100,46,6,1,18,7,88,9.9
753-48-5430,Mara Krauss,44,Male,17.2,118,12.7,9,2,63,9,83,16.46
671-14-3552,Darrel Watson,51,Non-binary,59.03,160,14,9,0,45,10,92,3.35
305-30-3738,Ruthe Metzing,23,Agender,64.81,155,15.1,6,3,51,4,84,3.4
553-09-1005,Siobhan Janku,40,Genderfluid,57.3,169,49.7,8,0,73,5,109,11.32
121-78-4208,Cass Ioannidis,60,Genderfluid,17.08,76,39.1,10,1,23,3,119,14
594-75-3711,Ann-marie Peasgood,19,Genderfluid,21.26,124,48.4,4,1,46,8,101,16.94
467-85-3870,Irina Winwood,29,Genderfluid,27.39,170,5.4,8,0,38,6,95,8.38
380-78-0274,Vaughn Beresfore,41,Genderfluid,37.69,97,42.3,2,3,66,2,99,18.42
483-97-6662,Cissiee Dorant,37,Agender,28.74,102,39.6,5,3,93,6,102,25.27
682-59-2742,Shepherd Pigott,18,Agender,18.73,165,37.9,1,2,22,1,91,7.85
717-75-7968,Westbrooke Bester,40,Agender,12.73,155,12.5,10,0,65,4,103,14.8
325-21-9619,Doralynne Coiley,19,Genderqueer,17.68,84,24.7,1,2,65,3,92,18.16
664-46-5045,Barbara Dinis,30,Polygender,11.87,109,42.4,1,2,10,6,110,10.35
241-18-3696,Barth Atthow,45,Genderqueer,10.99,160,44.8,3,1,81,10,105,17.58
734-60-4732,Dario Streetley,38,Genderfluid,16.64,159,3.8,10,3,91,10,86,17.83
389-83-3341,Gerladina Coutts,43,Non-binary,61.26,134,21.6,2,1,2,10,89,-2.81
722-99-4130,Ivor Ensten,41,Male,10.59,105,3.5,1,3,26,2,118,12.21
484-29-5794,Aguie Casford,20,Polygender,53.09,133,44.7,10,2,30,3,107,8.07
644-78-6787,Leonanie Demare,25,Genderfluid,20.32,147,15.5,4,1,14,4,116,9.36
340-65-4320,Sauncho Adie,59,Bigender,14.65,73,20.9,5,1,44,3,100,13.68
421-96-9008,Garrott Byrde,60,Bigender,49.31,114,26.5,3,2,93,9,109,19.18
439-01-2577,Les Daglish,60,Genderqueer,44.7,98,17.1,9,0,14,3,104,7.5
356-65-9544,Beryle Guiel,34,Bigender,10.28,154,6.8,7,0,54,7,120,13.26
522-17-2473,Lew Boynes,41,Polygender,17.14,83,49,8,0,79,4,91,21.73
846-21-3275,Lavinie Sleet,56,Genderfluid,32.07,139,42.4,1,3,50,8,106,14.19
264-59-3547,Ives Aitchison,49,Agender,39.17,132,11.5,1,2,83,9,102,16.72
289-37-8623,Tab Loghan,19,Non-binary,36.67,76,40.4,5,2,83,4,115,21.36
486-24-7101,Kati Northway,30,Genderqueer,29.88,106,34.1,9,2,62,1,92,18.85
572-76-6388,Dorolice Duckhouse,47,Male,14.6,158,8.1,10,3,52,7,117,13.99
698-84-7290,Chicky Stanluck,23,Non-binary,48.33,132,6.9,1,1,51,1,111,10.3
125-28-6940,Tallulah Shaplin,56,Agender,59.92,120,17.4,8,3,29,9,91,4.05
303-05-8271,Charlotta Shewan,41,Genderqueer,13.27,83,16.7,3,0,100,1,94,22.78
478-06-4299,Billi Yurocjhin,55,Male,28.91,158,39.6,10,1,54,7,82,12.45
233-18-5047,Isadora Titterrell,59,Bigender,21.66,95,15.7,5,3,3,6,103,10.1
281-12-4721,Noe Cashmore,27,Genderfluid,9.94,60,23.7,4,1,77,0,101,17.63
290-09-2503,Howard Botterell,32,Bigender,43.93,170,22.7,5,3,23,9,109,4.21
324-15-4305,Artur Hansed,23,Female,47.5,76,21.2,10,0,84,5,80,15.19
739-82-8145,Mehetabel Haskew,38,Agender,29.95,63,11.2,1,1,16,1,111,8.14
572-45-4226,Alidia Davidavidovics,53,Genderfluid,30.15,66,31,4,2,26,8,92,9.28
128-55-4312,Sophie Mudle,34,Non-binary,40.11,162,7.7,1,2,21,8,92,2.6
889-07-1040,Maddy Ommundsen,22,Genderfluid,30.49,126,26.9,7,1,9,7,113,9
805-60-2039,Ricca Beat,24,Polygender,35.8,176,36.5,7,0,27,4,99,6.14
624-41-9651,Carolyne Starmer,25,Polygender,54.41,61,14.1,4,3,6,10,113,1.3
420-70-7277,Ashia Heasman,57,Genderfluid,15.14,162,37.9,2,1,19,1,86,6.15
733-68-3802,Cindra Brocks,32,Genderfluid,62.44,87,43.2,6,0,43,1,120,10.31
221-47-2870,Meghan Weall,22,Non-binary,60.5,165,46.1,4,0,29,8,100,1.97
557-95-8752,Tiffi Borres,22,Male,17.02,171,23.1,8,3,15,5,116,7.88
679-20-3452,Baird Jostan,57,Bigender,34.31,140,28.4,2,0,33,7,117,10.78
898-60-7927,Fredek Sisland,36,Bigender,32.68,120,35.3,5,3,72,8,112,19.96
582-02-0057,Nariko Phillipp,41,Polygender,54.94,101,6.7,2,1,4,4,88,1.1
337-21-3249,Marya Ridley,51,Genderqueer,14.15,155,8.7,9,2,69,2,91,14.77
689-53-0416,Stormi Sykes,19,Polygender,26.7,62,46.6,1,2,51,9,97,14.99
291-31-9214,Jude McCome,46,Male,29.49,83,8.8,2,0,8,10,105,7.22
103-48-8949,Annis Dobie,20,Agender,15.74,106,8.4,1,0,21,3,115,12.04
393-74-2259,Sigrid Withey,54,Agender,26.49,118,13.9,10,0,2,4,88,6.65
277-86-5108,Sophie Haley,34,Agender,50.55,82,28.1,9,3,57,7,90,11.77
808-66-7639,Kelli Adan,27,Bigender,28.62,69,27.9,8,3,97,10,93,22.37
205-19-2596,Wit Hadenton,22,Non-binary,35.32,171,19.9,2,3,33,5,108,7.49
311-37-2045,Nicoli Larkings,41,Female,9.21,165,11.6,9,0,5,7,107,3.06
618-74-1973,Barny Sailor,60,Genderfluid,38.13,75,14.9,5,3,34,8,99,9.64
298-55-8193,Ricoriki Highman,20,Genderfluid,12.04,131,3.2,8,1,87,10,85,17.89
439-53-6005,Erica Cousans,29,Genderqueer,52.91,60,18.3,5,0,46,6,96,6.96
606-76-6531,Hadria Purse,22,Agender,36.25,146,35.6,10,3,7,6,95,5.22
487-77-2868,Tod Bettleson,50,Genderfluid,14.79,152,43.5,2,3,42,4,104,12.78
140-69-2133,Cyndie Gallagher,30,Agender,12.95,151,21.1,8,0,60,9,95,13.57
826-96-7247,Glynda Storres,38,Genderfluid,31.46,123,1.8,10,0,85,10,109,20.24
557-85-2983,Stafani Foreman,58,Polygender,41.11,125,11.7,1,3,52,1,115,13.35
301-58-0029,Carla Auchterlonie,45,Male,18.32,74,4.3,3,3,73,4,84,17.26
550-32-7846,Lay Gallant,51,Genderqueer,42.79,156,35.3,2,0,99,10,87,16.34
716-64-8832,Libbie Durno,39,Bigender,21.92,61,43.6,3,0,47,1,104,16.07
871-34-7288,Wyatt Howey,42,Bigender,56.45,176,16.5,9,0,31,10,94,0.59
346-39-9147,Dorey McGaffey,34,Genderfluid,24.16,92,47.3,5,1,92,2,96,25.47
469-89-3373,Micheline Dayly,27,Genderfluid,15.59,80,46.9,10,2,23,5,93,12.17
808-09-3486,Winny Vine,49,Genderqueer,21.26,79,15.7,5,2,41,6,117,16.35
835-57-2153,Irvine Skylett,34,Bigender,61.73,172,6.7,9,1,84,4,100,9.33
556-17-0259,Sherlocke Fleeming,52,Bigender,42.56,119,38.3,4,2,57,5,83,12.76
709-87-6101,Udale Garham,28,Genderqueer,58.25,84,1.7,3,0,42,4,84,5.04
742-02-4596,Kiele Villar,34,Bigender,49.89,160,7.9,3,0,84,9,91,11.11
545-89-5710,Gerladina Filyukov,34,Agender,59.22,105,13.3,7,2,34,0,87,6.07
164-79-4017,Ulick Standon,38,Polygender,43.21,139,20.3,8,1,43,9,85,7.99
428-87-6767,Antonie Greenalf,24,Agender,53.57,136,2.4,2,2,59,10,86,7.4
541-44-6686,Byrle Shickle,53,Polygender,40.72,118,21.9,1,3,24,4,107,8.86
769-36-0601,Ada Bartelot,51,Female,58.7,72,46.5,8,2,15,8,96,3.15
223-53-5667,Luciano Skpsey,23,Bigender,41.81,155,9.2,3,0,11,0,116,3.79
422-06-7284,Eran McDavid,34,Bigender,29.74,141,8.4,3,1,89,0,120,21.22
511-77-4543,Della MacAloren,26,Agender,12.62,179,6.3,6,2,17,9,89,2.75
468-80-7819,Nicolea Dewicke,37,Polygender,30.03,121,44.4,2,0,15,5,109,10.45
762-45-5216,Claire Semonin,25,Female,61.14,137,49.8,3,0,100,10,84,14.65
685-17-7402,Forster Lansbury,54,Non-binary,63.13,93,7.6,9,0,9,10,102,1.14
371-87-3589,Carline Coote,54,Agender,44.99,154,23.5,6,3,39,3,84,6.16
860-68-0820,Cahra Vivash,54,Genderfluid,58.99,133,4.4,1,0,13,3,90,-0.97
497-80-7871,Nickolai Wheatley,47,Genderqueer,58.1,62,25.5,9,1,84,6,106,14.16
490-08-3512,Portia Everist,32,Bigender,42.6,142,10.5,1,1,51,2,109,10.66
708-21-2170,Krissy Grono,50,Non-binary,34.79,150,28,7,3,24,10,85,6.18
555-32-3546,Jordain Bartolomeazzi,24,Bigender,64.74,175,34.5,5,2,64,10,82,4.22
339-01-1484,Temp Limmer,38,Bigender,53.75,99,33.9,2,3,16,6,98,5.81
511-53-3547,Doy Beceril,38,Genderqueer,9.55,83,49.4,9,0,40,10,102,14.19
597-50-1267,Blinni Cowley,33,Agender,58.85,154,3.2,7,0,83,8,91,9.68
345-96-5039,Alberik Hanssmann,49,Agender,44.43,148,40.8,4,3,76,5,104,15.41
530-72-0362,Dory Scraney,22,Agender,30.79,145,18.5,8,3,46,5,94,12.05
368-25-5168,Jim Issacof,25,Non-binary,26.2,114,38,10,3,52,10,104,18.32
403-76-2228,Hallie Rootham,60,Male,16.49,90,4.1,5,0,70,5,88,17.69
200-52-6696,Aymer Blackall,26,Genderqueer,36.44,119,9,8,3,73,1,92,17.04
288-15-3288,Nerita McNellis,43,Polygender,35.98,175,34.6,6,0,57,6,112,12.06
774-13-5170,Juli Scawen,52,Polygender,43.69,134,30,3,0,70,5,95,13.82
891-93-3002,Sandye Catherine,24,Genderfluid,55.86,107,16.2,6,1,79,4,102,15.38
781-89-2678,Loren True,44,Non-binary,41.81,67,18.8,6,2,81,1,88,15.82
785-53-8498,Gaston Fellow,32,Female,24.41,105,9.2,4,2,89,1,93,23.06
248-96-0005,Bret Bickerdicke,43,Non-binary,52.19,147,23.5,10,1,86,2,102,14.97
409-09-7952,Lusa Tomblings,43,Agender,37.06,145,24.8,10,2,11,1,80,3.99
729-11-0760,Elset Skegg,26,Male,46.77,149,20.8,4,2,20,9,106,4.19
402-14-2441,Borg Danielut,32,Non-binary,52.83,140,10.3,6,3,68,10,93,10.29
547-43-3191,Jaymee Golborn,23,Agender,38.22,153,45.8,6,3,63,7,100,14.24
714-34-1163,Woodrow Gencke,35,Non-binary,51.14,154,8.4,6,1,85,9,99,12.66
796-40-3771,Hettie Doherty,44,Polygender,26.74,135,27.6,6,1,11,7,100,8.11
445-07-0989,Odelle Orton,43,Agender,51.55,143,27.7,3,1,5,0,87,-0.05
439-58-6795,Wheeler Tanswill,21,Agender,45.32,76,40.9,5,1,35,1,103,10.28
331-27-4655,Arnaldo Shobrook,19,Non-binary,34.74,142,47.6,10,2,81,9,85,17.87
817-40-4786,Philomena Caesman,33,Genderqueer,16.08,100,40.2,1,3,22,5,89,12.21
182-52-0176,Matthaeus Kevern,30,Male,23.04,145,45.9,6,0,78,9,83,18.7
165-06-2401,Julia Mandifield,30,Male,37.15,148,18.9,2,1,21,9,98,5.4
801-83-1506,Zachery Floodgate,57,Female,41.24,172,21.4,10,1,72,10,97,11.93
294-26-7671,Niel Feldmark,21,Agender,24.96,127,8.2,3,1,44,6,118,15.26
640-78-3602,Dalt Barnsdale,50,Male,19,77,22.3,7,3,26,4,108,13.11
713-38-9733,Concettina Greensitt,42,Bigender,28.7,97,35,4,0,9,3,80,8.38
831-09-8162,Luciana Plover,30,Male,59.98,82,45.6,1,2,6,5,105,2.46
829-19-2408,Dulciana Pitblado,34,Polygender,57.32,133,47.2,8,1,1,5,83,-0.36
723-06-2076,Agata Orritt,31,Male,9.05,143,38.9,7,0,39,6,84,9.76
640-01-7055,Marielle Rebert,21,Female,43.13,101,15.4,2,3,87,2,99,19.71
714-35-4189,Norry Bleby,45,Male,56.8,99,48.9,5,2,76,0,101,16.86
897-37-4431,Zaneta Node,51,Non-binary,18.9,155,40.8,10,0,76,8,113,20.07
811-86-7613,Roselia Postance,33,Bigender,30.28,167,18.2,6,0,24,10,115,7.59
368-12-6826,Estevan Shovlar,54,Agender,25.81,128,12.9,8,0,76,2,84,18.09
536-38-7607,Kelly Malletratt,38,Male,14.75,70,0.2,8,1,78,6,105,18.84
422-35-8487,Annice Saur,46,Non-binary,31.99,160,8.6,9,2,59,4,110,13.66
588-02-8026,Patience Endley,51,Bigender,45.95,81,2.7,4,0,2,7,113,3.2
677-10-6833,Fabian Mechi,43,Female,9.17,178,46.8,9,1,6,1,110,4.69
385-81-8581,Tessa Hambrick,58,Agender,61.26,122,9,3,3,34,8,112,5.47
173-70-1880,Aldwin Arnell,32,Genderfluid,25.12,68,5.9,7,3,41,1,85,12.13
828-61-6082,Nelle Benbough,25,Agender,25.11,158,13.2,10,1,62,4,116,16.68
651-62-5522,Yale Rosengarten,31,Agender,39.09,163,35.9,8,2,16,9,81,2.96
549-19-6100,Taylor Northwood,45,Male,9.78,82,43.1,4,1,4,1,82,6.07
296-07-8199,Cassi McMurrugh,34,Agender,47.63,153,35.7,5,3,96,9,105,17.45
640-06-5483,Rice Blare,25,Female,21.63,94,9.2,1,2,57,2,112,19.51
847-11-1552,Gherardo Dunstall,47,Polygender,20.9,105,18.3,4,1,99,7,104,26.08
556-51-1847,Rollin Cuckson,49,Non-binary,18.21,150,0.2,2,2,67,10,90,14.03
374-15-6121,Winne Dane,58,Non-binary,31.73,82,43.7,7,0,60,7,115,18.78
849-63-1875,Packston Cassel,25,Genderfluid,25.77,108,35,7,1,21,6,114,14.05
572-22-3824,Gil MacGuffog,35,Female,15.8,82,46.7,7,3,13,6,83,9.49
804-42-1778,Clarie Gowan,56,Non-binary,40.31,64,26.4,3,0,47,9,119,12.23
803-88-5844,Brita Dickerline,40,Bigender,13.07,124,13.9,9,0,58,2,112,17.06
827-96-4253,Berny Lowis,50,Polygender,54.62,94,23.2,6,2,59,7,103,12.61
492-71-3099,Naoma Brave,29,Agender,20.22,99,8.6,4,0,87,10,101,23.22
700-05-5703,Jenifer Fleote,35,Bigender,58.73,62,24.6,2,3,100,7,81,13.99
760-72-6455,Iseabal Sworn,51,Male,46.39,171,4.4,2,0,60,0,90,7.04
554-21-4563,Chrissy Pendleberry,18,Agender,42.68,129,37.2,3,3,39,4,112,11.67
186-74-5445,Sammy Kennelly,42,Genderqueer,28.81,176,31.9,2,1,4,4,111,4.17
452-70-5102,Lyell Goward,30,Agender,23.87,98,46.6,4,0,34,2,119,17.97
488-61-6938,Alessandro Ziehm,55,Polygender,45.33,131,23.6,2,3,87,1,84,15.8
478-18-0264,Hernando Beardall,36,Polygender,33.6,115,7.6,7,2,7,1,106,7.68
332-38-5774,Maryann Rowly,41,Agender,32.49,154,29.3,9,0,91,1,108,20.27
413-94-4324,Maye Harkus,27,Genderfluid,13.96,149,7.5,3,2,76,6,83,14.87
531-95-0107,Cathrine Audry,38,Male,33.94,131,14.2,5,1,98,1,111,22.23
722-61-6415,Fania Crookshank,42,Female,61.31,97,34.2,1,2,85,2,84,14.47
442-55-1713,Chrystel Empleton,28,Male,41.5,178,9.4,4,1,76,1,85,10.43
287-81-2079,Courtney Sheal,22,Non-binary,64.12,79,37.3,8,0,77,6,110,13.84
108-46-8846,Erek Adaway,54,Genderfluid,50.6,170,29.8,2,0,93,4,119,15.44
838-54-6923,Isobel Custance,25,Genderfluid,11.83,174,14.9,9,2,41,7,89,7.91
290-63-7823,Reynard Pimlett,25,Genderfluid,22.98,179,31.3,5,0,34,10,90,8.28
568-91-6935,Antonetta Hellewell,48,Male,52.71,136,15.6,9,2,9,8,105,2.18
869-95-4101,Dody Maginn,39,Agender,17.44,132,36.1,5,3,50,5,109,16.68
228-54-4036,Benny Llewelyn,46,Male,55.67,134,48.5,4,0,7,0,86,1.01
838-48-8787,Travus Addess,25,Male,27.75,78,17.8,8,2,12,10,104,9.19
849-04-6188,Diann Lofthouse,58,Agender,55.59,170,28.6,6,1,70,10,118,10.44
787-64-3880,Kass Skull,56,Male,14.32,121,24.5,9,2,67,4,91,17.84
378-29-9637,Tim Gianulli,38,Bigender,47.41,144,9,1,0,81,0,102,13.8
178-42-7033,Harriett Chesman,56,Agender,42.53,172,42.2,9,3,5,10,107,2.36
683-91-5529,Redford Caghan,40,Genderfluid,45.76,95,45.2,5,2,15,5,81,6.33
405-02-7662,Ephrem Beaver,47,Non-binary,44.7,154,10.7,8,1,0,1,93,-0.16
158-39-1642,Marven Lindbergh,54,Agender,21.9,79,16.5,9,3,60,0,116,20.46
258-28-7706,Marisa Santorini,40,Bigender,63,114,18.1,3,2,1,6,88,-1.54
133-97-9833,Viviyan Dudeney,24,Male,28.25,83,36.8,8,0,66,9,83,17.53
697-42-6968,Lorianna Breeton,30,Bigender,40.83,74,36.5,7,0,4,2,110,6.21
312-45-8127,Gilli Simonaitis,57,Agender,33.9,114,41,6,2,58,10,106,17.32
435-71-6950,Nerti Fremantle,51,Male,39.36,142,45.2,8,3,7,0,108,6.55
679-13-2509,Valli Stratiff,42,Female,28.61,171,46.5,1,0,63,1,96,13.98
411-97-7244,Oralla Valett,53,Agender,36.42,136,33.7,9,3,24,6,111,9.99
355-99-8906,Nikoletta Gwyn,57,Genderqueer,15.27,69,24.3,10,3,38,0,82,11.97
766-22-7209,Friedrick Davinet,29,Agender,36.45,80,11,8,2,25,7,94,8.57
676-59-9049,Nixie Belfelt,32,Polygender,14.13,86,43,10,0,51,0,81,15.82
765-75-9626,Olenka Lewendon,35,Genderfluid,23.28,163,46.6,8,2,54,9,105,15.58
785-27-6274,Thatcher Aitken,34,Female,30.67,126,26,2,3,0,10,93,5.1
245-95-8077,Nolie McMichell,59,Non-binary,39.87,61,21.8,3,3,3,5,117,4.81
285-63-4089,Corty Dirr,54,Polygender,18.99,101,9.9,7,3,69,1,84,19.56
497-36-1874,Augustine Goodinson,51,Non-binary,17.13,62,9.5,8,1,73,8,115,19.07
593-17-3972,Derrick McMahon,23,Bigender,27.32,92,41.1,9,0,67,3,104,21.2
680-80-1518,Sawyer Claeskens,37,Female,21.53,155,18.6,4,0,25,4,97,9.11
341-99-3721,Agnella Dron,41,Male,27.63,180,2.5,6,0,87,6,100,15.91
285-87-2585,Neil Paskerful,58,Genderqueer,50.13,159,41.2,3,2,10,0,81,0.05
481-41-9166,Thorndike Petracek,32,Polygender,34.18,84,9.6,2,0,81,5,109,19.43
235-35-1099,Malorie Heinel,21,Polygender,16.51,86,29.3,1,3,77,8,80,19.06
653-97-8726,Chloette Antonio,28,Male,64.31,138,9.7,2,1,89,1,88,10.91
145-73-2875,Elberta Glossop,33,Male,41.24,125,31.9,7,3,46,6,100,12.34
228-62-2736,Eleen Woolnough,18,Female,17.69,90,38.1,4,2,82,5,99,23.02
639-45-9848,Gualterio Sebastian,24,Polygender,13.52,99,10.8,2,0,25,1,97,11.32
263-80-5640,Remy Nairns,59,Genderqueer,59.2,107,48.6,1,1,84,0,113,17.71
281-19-5976,Carolyn Cromblehome,20,Polygender,36.59,80,18.7,7,3,13,6,109,8.38
829-01-1172,Ariella O'Hickey,36,Genderfluid,41.82,157,45.4,3,2,53,1,85,9.93
840-03-0799,Dalton Fleischmann,19,Female,48.05,81,13.4,1,0,85,9,100,15.94
779-26-9639,Ashly Burtonwood,55,Genderfluid,18.15,166,8.7,4,3,17,0,92,5.76
845-13-7328,Sean Diaper,50,Bigender,58.72,99,47.1,6,2,69,2,83,13.51
671-80-0488,Salomone Lusher,53,Female,54,64,33.2,4,0,57,10,82,7.97
808-66-2667,Godfry Lamping,50,Female,24.44,172,27.1,4,3,71,1,89,15.24
780-06-4589,Allie Leavey,47,Bigender,26.43,180,31.5,10,3,60,8,106,14.23
819-14-7158,Rebecca Donaghy,25,Female,28.2,76,29.8,4,0,79,9,117,21.5
478-24-6066,Katrine Cotes,18,Bigender,16.09,81,11.6,9,0,21,4,99,10.55
463-86-3179,Agneta Prandin,28,Genderfluid,40.59,169,44.5,8,1,89,9,96,16.23
802-77-2295,Karlis Beachamp,56,Bigender,46.2,179,42.5,1,1,10,10,120,1.96
818-79-5410,Annmaria Harlick,19,Agender,25.52,113,23.5,6,0,60,9,91,17.32
231-90-5615,Lurlene Callington,51,Male,54.46,92,16.1,1,3,69,2,80,11.69
315-14-8162,Hallie Silbermann,39,Genderfluid,20.42,130,25.9,9,3,93,0,100,24.18
175-53-7917,Humphrey Blevin,56,Bigender,38.17,128,40.8,1,0,47,3,106,13.05
392-21-2774,Cammy Dongles,54,Male,59.46,117,20.4,2,1,67,0,102,11.68
467-06-1908,Renell Parrott,57,Genderfluid,35.37,154,30,9,1,55,1,119,14.62
486-86-7925,Burty Rapaport,48,Non-binary,44.28,156,5.6,4,0,46,8,97,6.74
254-68-5664,Shawn Coop,52,Non-binary,28.61,76,15.4,3,0,1,9,120,7.49
816-42-1709,Eileen Bagehot,52,Female,64.29,65,28.5,7,3,60,9,107,9.07
378-13-9411,Josephina Dayly,42,Non-binary,39.88,136,3,4,1,78,7,91,14.29
623-83-3437,Deni Bowman,55,Bigender,26.63,81,6.1,6,2,51,6,88,14.21
525-61-6711,Cesare Ruppel,23,Genderfluid,24.91,166,45.6,6,2,46,4,112,14.36
719-59-6011,Devan Ruxton,60,Genderfluid,13.93,78,32.7,9,3,86,6,90,21.22
225-46-7514,Sigrid Radish,49,Female,58.43,142,0.1,6,2,25,4,119,3.58
334-91-5051,Tess Pruce,46,Non-binary,16.66,126,40.3,3,1,70,10,112,20.08
554-54-2631,Pearle Shilling,49,Non-binary,37.11,95,21.7,7,1,27,7,93,10.1
185-76-8859,Alvina Canniffe,36,Non-binary,48.93,157,7.2,7,1,34,8,85,3.07
798-84-4263,Rollo Adam,24,Polygender,15.91,146,10.5,6,1,80,5,104,18.5
811-88-1502,Heidie Spencley,55,Non-binary,56.13,151,41.9,6,1,4,0,115,1.62
487-54-7862,Carla Leger,39,Male,23.41,163,24.8,10,3,89,3,91,19.83
196-47-2733,Willy Hartles,44,Polygender,27.27,99,43.3,2,3,32,9,100,14.8
701-05-0656,Case McLurg,42,Genderfluid,31.39,124,4.2,4,0,64,3,102,15.9
483-12-6794,Brandy Jobern,51,Male,18.79,111,24.4,10,0,0,10,117,10.06
601-39-2729,Jocelin Iredale,30,Genderfluid,42.67,66,34.8,3,3,75,6,83,14.47
355-24-7889,Abby Simoneschi,50,Genderfluid,46.67,131,21.4,10,0,76,4,104,15.57
591-64-9037,Lemmy Dike,37,Female,53.67,81,21.3,5,1,39,5,103,8.22
157-57-4547,Elsinore Rowen,53,Genderqueer,59.66,132,10.4,3,2,97,2,93,14.34
187-40-9022,Mil Culwen,40,Non-binary,45.37,83,35.8,10,1,75,8,81,15.38
490-62-6783,Justine Trump,19,Agender,41.71,179,24.5,7,2,20,9,117,4.43
795-84-7456,Niven Channer,22,Bigender,55.19,166,25.1,7,2,50,10,91,5.21
429-39-5397,Raynard Cannaway,57,Female,46.53,169,23.4,1,0,74,8,84,9.36
850-13-9937,Noland Mellody,58,Agender,48.85,160,24.1,1,1,53,7,86,6.41
781-97-0966,Eirena Depport,55,Female,43.63,85,0.8,5,1,82,0,94,16.47
382-54-8269,Porty Castles,46,Male,42.4,69,11.6,1,2,1,5,98,2.04
104-30-3499,Rasla Shills,34,Polygender,33.24,139,9.6,3,3,96,10,99,19.63
870-82-3617,Howard Eckh,35,Genderfluid,55.88,161,41.1,9,3,66,3,109,11.28
172-28-9479,Dodie Bussen,39,Genderqueer,49.64,123,28.9,3,1,70,1,89,13.21
198-12-1713,Gayel Mattielli,27,Male,36.62,173,21.9,10,3,93,1,106,18.18
487-87-0182,Dirk Mariaud,42,Genderqueer,41.16,76,10.7,7,2,63,4,100,14.22
593-72-3054,Marga McLugish,44,Non-binary,20.59,156,4.9,6,3,49,4,81,11.34
328-37-1325,Correy Crockett,24,Polygender,13.13,121,34.1,7,0,3,5,90,6.69
607-49-8298,Connie Lunbech,56,Bigender,57.77,104,2,8,2,27,7,112,6.57
700-93-5976,Kyle Dobrovolny,30,Non-binary,13.8,128,48.5,2,1,95,4,97,22.93
858-50-4610,Rena Keming,18,Male,19.98,129,45.7,2,3,22,10,89,10.91
668-40-7221,Michaeline Lifsey,54,Genderfluid,45.58,99,6.7,4,1,18,8,117,8.07
380-96-3808,Janey Rowesby,30,Male,9.38,107,10.6,9,0,23,1,94,9.98
814-22-9560,Allie Schultes,54,Agender,52.09,128,29.5,7,3,76,4,112,15.82
863-08-7416,Maitilde Medford,53,Female,28.65,107,40.8,4,1,63,6,88,18.18
238-24-1506,Kelvin Coote,39,Genderfluid,31.65,97,26.9,7,2,91,1,82,22.14
575-56-4899,Cicily Spurett,47,Bigender,18.48,179,20.6,2,0,57,10,106,12.28
616-53-3070,Pat Brugman,47,Non-binary,11.05,68,35.4,8,2,70,4,96,17.67
778-44-6988,Marillin Braben,59,Genderqueer,38.14,82,13.3,3,1,67,6,113,16.65
119-94-0743,Alison Broscombe,53,Genderqueer,33.19,74,40.7,2,1,1,1,80,4.49
799-15-9749,Delainey Wigfall,36,Genderfluid,10.86,142,31.6,7,0,82,9,95,17.97
212-61-2032,Guillaume Gaughan,29,Female,31.4,132,41.4,9,1,52,6,81,13.69
612-76-1526,Susie Allnutt,49,Non-binary,22.78,157,24.6,10,1,67,10,116,18.23
775-32-5907,Lizzie Oret,52,Polygender,57.01,96,0.9,3,0,32,5,114,7.09
279-72-5350,Bailey Ellsom,37,Genderfluid,28.33,109,21.5,4,1,67,10,101,18.79
146-13-1925,Melisandra Lomis,44,Female,19.05,68,13.2,7,1,56,2,112,17.28
850-24-6316,Derron Eltune,30,Polygender,14.31,111,30.5,5,0,23,5,82,10.02
770-77-9300,Ardyth Calterone,48,Agender,53.1,68,11.9,4,2,24,5,118,5.63
526-71-6311,Cameron Father,37,Female,61.07,166,8.8,6,3,33,3,120,3.2
743-19-4042,Lyndsey Athey,37,Polygender,23.89,77,49.3,8,0,31,9,93,13.52
853-77-3042,Nanci Raisbeck,52,Genderfluid,59.32,165,1.9,6,3,57,4,84,4.05
412-97-3582,Thom Skull,19,Female,59.14,72,16.9,7,0,97,7,81,14
432-44-4937,Lilith Camden,55,Polygender,20.81,80,45.4,4,1,80,1,94,22.43
290-40-7878,Tyson Wavell,31,Non-binary,47.33,71,17.1,6,2,4,3,108,3.48
323-20-6524,Marcel O'Doireidh,47,Male,10.75,106,30.8,1,0,66,5,94,17.58
524-67-0808,Lian Troker,25,Male,11.82,160,47.3,4,2,52,4,99,13.1
168-26-9738,Othelia Cambell,26,Female,45.7,75,25.2,3,1,31,7,99,7.7
250-04-5638,Granny Lankham,60,Agender,10.44,69,42.7,1,2,85,5,101,20.19
572-78-0613,Loralee Peffer,38,Non-binary,27.13,107,7.3,3,0,85,3,101,21.75
706-54-0392,Lavinie Inman,35,Bigender,11.43,84,31.1,4,2,7,5,82,6.43
597-03-4759,Jammie Bricket,41,Genderqueer,23.91,141,36.4,7,2,87,4,80,20.23
197-98-1208,Waldo McCard,36,Male,33.31,175,16.3,3,1,58,8,112,11.63
312-24-9763,Atlanta Shawyer,29,Male,41.06,86,16.1,8,2,85,4,100,19.21
493-77-9411,Rhys Sandlin,32,Male,18.66,132,16.4,8,3,30,1,116,13.76
333-04-0878,Joya Puxley,31,Female,52.94,123,9.5,3,3,54,7,117,11.25
714-36-7268,Shalom Couch,30,Agender,18.07,72,12.2,3,2,67,3,118,19.47
617-78-2662,Padraig Tunaclift,33,Polygender,58.96,91,14.6,1,1,53,2,84,7.99
830-80-9875,Madeleine Wibrew,57,Non-binary,15.11,148,12.2,2,3,45,1,106,12.46
196-08-0009,Verne Margaret,26,Agender,27.82,133,42.3,10,2,27,7,120,13.89
840-11-5296,Jesselyn Anstee,33,Genderfluid,43.36,142,22.3,8,2,43,3,97,9.41
458-64-1509,Pippo Beggs,54,Polygender,36.48,120,0.4,4,0,96,1,108,20.97
625-23-0975,Sylas Marder,43,Bigender,60.48,113,15.6,10,3,41,9,115,8.84
215-25-4321,Agnesse Jeffress,54,Female,64.37,84,48.6,4,1,56,10,107,10.27
230-74-0663,Meade Sly,43,Agender,52.03,78,23.1,10,2,29,4,100,7.13
718-41-7618,Ashlie Antrack,30,Male,21.6,147,19.6,5,0,90,10,92,20.19
524-76-7460,Juline Elloit,44,Agender,55.92,105,41.1,1,2,32,8,81,6.19
610-95-5597,Fey Duxfield,34,Non-binary,34.11,96,25.2,1,1,22,6,113,11.48
639-55-4992,Carly Kerbler,36,Genderqueer,42.38,109,32.1,5,2,30,7,82,8.64
229-05-6612,Costanza Ackwood,59,Male,62.55,179,36,6,1,3,7,97,-4.55
257-90-7401,Josi Brabben,53,Polygender,26.54,107,31.4,9,3,82,10,99,22.91
562-46-2421,Parsifal Deverell,60,Non-binary,45.42,171,36.1,1,2,46,10,90,6
351-35-0778,Elvina Caudell,18,Genderqueer,64.38,88,18.3,2,1,90,5,120,16.28
584-88-6201,Ronnie Exeter,39,Genderfluid,51.78,103,1.2,7,2,71,1,113,15.81
594-16-9868,El Paling,26,Genderfluid,57.34,129,11.3,1,3,71,10,104,11.25
390-28-6994,Chet Cullon,29,Bigender,26.48,64,41.2,9,0,76,2,116,21.78
472-90-5048,Analise Eastam,19,Agender,46.97,115,46.1,6,1,89,10,104,19.74
117-78-7102,Earvin Hedditeh,57,Female,63.83,87,35.8,10,0,8,10,111,2.65
344-96-2842,Agnesse Extil,26,Agender,54.67,115,38.6,2,2,47,6,108,10.82
242-62-9239,Marcellus Cansdill,54,Genderqueer,12.36,63,37.7,1,1,28,1,83,8.69
834-42-9647,Dionis Clowton,45,Female,34.64,147,25.1,7,1,51,0,107,13.23
796-29-5114,Natty Brunet,26,Genderqueer,63.67,79,21.7,8,1,28,1,100,4.33
334-73-2167,Sunny Wyre,53,Non-binary,57.64,64,0.8,8,3,32,4,81,2.36
664-17-4190,Ailee Demko,48,Polygender,62.26,84,42.7,2,3,43,4,101,8.12
550-47-0488,Ches Jobbins,42,Bigender,16.55,147,45.3,1,3,51,4,113,15.92
586-11-3596,Teresita Greally,33,Male,10.72,61,26.4,2,0,35,1,104,10.73
458-48-0693,Cara Stammers,51,Female,33.53,88,6.8,10,1,15,9,114,9.61
787-06-7356,Lydon Gergolet,40,Male,24.26,82,6.9,7,2,20,4,102,11.11
391-92-9519,Kristofor Houdhury,42,Genderfluid,19.95,120,47.9,3,1,76,4,83,20.45
345-98-1858,Shanna Geeves,58,Female,13.03,91,41.4,6,2,57,10,110,18.71
154-06-3551,Leelah Vowels,20,Agender,25.28,116,1.2,7,0,64,6,99,17.69
278-89-8725,Althea Fehners,30,Female,25.24,73,24.6,7,3,74,7,108,20.77
197-17-2683,Tine Wisam,18,Female,47.76,170,40.9,6,1,69,3,91,10.76
400-13-1153,Angil Biss,47,Polygender,64.5,81,45.9,5,1,88,4,85,13.8
478-41-6998,Jessie Strathern,39,Male,18.76,142,47.8,10,0,81,8,105,21.59
186-50-5039,Thomas Shaefer,29,Female,24.65,175,14.9,4,3,45,2,112,12.01
571-65-5632,Vivien Nolleth,25,Male,44.28,164,26.6,8,1,13,1,82,1.24
283-34-1358,Courtney Claessens,52,Non-binary,38.67,82,44,10,1,64,5,105,17.62
365-36-3302,Maxwell Ramelet,45,Agender,63.34,130,41.2,7,0,48,6,104,7.81
143-62-7407,Fran Chidzoy,55,Non-binary,29.81,81,27.6,9,1,69,8,109,19.59
607-61-0279,Alix Heersma,54,Polygender,27.74,80,39.5,9,3,19,0,107,12.62
148-92-3026,Robbyn Kernar,49,Female,56.9,175,46.5,1,3,42,2,110,5.43
318-99-4524,Damaris Eddies,22,Male,27.13,153,33.5,5,1,20,10,117,9.75
753-81-5593,Nevins Najara,31,Genderqueer,45.29,79,32,6,3,66,7,107,15.65
189-62-8701,Cammie MacCleod,30,Genderfluid,44.17,137,2.1,3,2,39,4,82,6.04
428-80-1324,Minny Thorneywork,47,Genderfluid,14.4,81,27.6,2,1,70,7,94,17.97
478-76-3092,Lynnette Fulop,31,Agender,11.94,140,40.3,6,1,71,7,91,16.74
452-69-4949,Josiah Pardew,35,Agender,40.73,85,42.9,2,3,20,10,117,10.17
586-35-1491,Steward Diben,31,Polygender,50.52,150,33.3,6,3,53,6,112,10.55
834-54-3380,Mina Wateridge,27,Male,42.31,85,17.6,1,3,38,7,116,11.64
246-54-1644,Dugald Kidgell,46,Genderfluid,57.21,82,42.7,5,2,37,4,81,6.43
656-10-7361,Lavina Asgodby,53,Bigender,44.6,175,34.2,5,3,67,1,82,9.7
744-65-3632,Anallese Garnson,54,Polygender,10.95,149,9.6,9,2,5,4,98,4.21
500-60-2795,Eugenius Lumsdall,40,Agender,63.11,93,40.8,7,3,69,1,105,14.05
209-04-7708,Jonell Rogan,31,Genderqueer,35.91,145,28,1,3,41,4,113,11.57
636-51-8497,Tove Bulcock,56,Non-binary,22.65,66,21.3,2,1,4,0,108,8.29
239-87-7567,Delmor Krabbe,27,Agender,21.41,98,16.9,3,1,0,4,94,8.8
630-73-5302,Franky McTiernan,53,Agender,63.2,102,18.2,6,1,76,0,92,12.98
676-41-7739,Randie Skin,40,Non-binary,11.52,96,15.1,5,3,77,3,103,20.73
134-46-9257,Hubie Galliford,59,Bigender,42.74,102,13.9,2,0,62,9,111,15.51
529-38-6435,Gabie Walklot,32,Male,60.99,119,47.5,1,1,68,2,103,12.65
559-18-3764,Mandel Cunio,39,Polygender,16.6,78,46.6,3,1,48,0,107,17.14
555-15-5878,Man Choules,36,Female,59.44,108,23.9,9,0,95,4,110,18.45
131-57-1352,Caria Soldner,44,Male,53.73,95,7.1,2,2,45,1,118,11.03
164-86-0190,Gilligan Hardesty,30,Agender,38.26,161,10.9,6,1,79,1,88,13.55
198-64-5501,Erica Snaith,36,Male,18.22,171,24.6,2,1,82,7,90,16.22
431-37-9124,Carley Sherry,53,Polygender,9.75,81,40.9,6,2,76,4,101,19.95
848-97-9758,Reginald Baltrushaitis,39,Bigender,31.94,97,45.6,8,3,74,3,111,22.84
593-77-6491,Helenka Pitt,56,Female,59.32,152,4.7,6,1,79,3,101,10.29
722-22-8739,Berne Kestian,32,Bigender,38.16,62,44.1,7,3,29,2,117,11.47
448-21-2214,Ronalda Cooch,40,Female,62.03,179,46,9,2,100,8,113,14.43
795-15-2468,Vikky Lamplugh,54,Genderqueer,30.57,123,42.1,8,3,17,5,101,10.61
118-22-6720,Terence Showalter,51,Non-binary,52.38,122,9.9,2,2,89,8,102,15.71
330-15-6617,Wendel Butterley,41,Female,39.28,115,45.4,5,1,43,4,84,11.93
484-27-0972,Malina Bulstrode,20,Agender,20,156,27.8,2,2,47,5,96,12.89
329-91-2039,Aile Sapwell,42,Non-binary,14.82,61,23,5,0,13,0,90,6.79
574-74-4682,Jemie Arnauduc,38,Male,27.01,180,29.5,6,0,23,9,108,7.07
170-14-0264,Elfrieda Ennor,18,Non-binary,49.48,164,45.2,3,1,36,9,93,4.99
408-08-5520,Sheilah Hathaway,22,Agender,29.66,171,29.8,8,0,53,2,84,10.86
504-45-4507,Regen Ciardo,52,Polygender,62.81,130,10.5,3,0,50,10,98,5.53
198-22-5301,Bria Goaks,31,Bigender,25.24,160,35.5,10,2,19,6,81,7.12
407-30-2939,Brandi Kilfether,27,Genderfluid,24.15,134,0.4,7,0,6,5,119,8.42
519-79-0683,Vivia Chaman,41,Bigender,59.49,173,22.9,9,3,5,5,82,-4.32
357-83-1063,Aurel Bellingham,53,Genderfluid,26.35,103,16.7,6,0,31,9,102,13.51
765-18-8140,Fairfax Mitchall,31,Agender,20.99,154,34.3,4,3,52,7,115,16.3
370-75-4782,Talyah Kermitt,34,Genderqueer,46.98,167,47.2,5,3,21,6,83,2.5
313-59-6109,Lissy Trevino,30,Non-binary,11.02,120,0.8,10,2,89,1,112,22.01
164-46-5907,Torrey Burgin,26,Non-binary,19.71,64,41.8,2,0,99,3,87,22.98
543-40-8270,Sheila-kathryn Gunthorpe,29,Female,28.5,121,38.2,3,3,26,5,114,13.32
175-62-7902,Dory Hunday,39,Bigender,54.05,75,14.1,3,3,71,9,107,12.91
527-70-1704,Giustino Gregolin,36,Agender,18.72,149,12.4,7,0,81,7,84,17.14
555-23-6510,Christal Dyster,50,Genderqueer,60.05,83,27,8,1,97,6,106,17.59
859-73-9122,Abel Wiltshire,31,Bigender,40.77,84,37.1,7,0,15,9,104,7.95
698-29-5169,Teressa Paulat,47,Genderfluid,64.23,81,45.3,1,3,55,6,92,8.59
362-66-9071,Doralia Alekseicik,37,Genderfluid,13.47,107,16,6,1,21,6,85,9.5
831-91-2014,Micheil Demetr,23,Male,26.15,141,18.7,4,2,77,5,90,17.77
799-38-4399,Karol Sealand,26,Bigender,20.88,165,40.1,5,3,49,0,103,14.64
167-09-4862,Noach O'Lennane,56,Bigender,14.35,115,21,2,0,98,6,84,21.71
647-04-4562,Kiersten Kless,54,Polygender,30.49,112,10.3,2,3,96,0,101,23.05
419-52-3930,Anton Brandone,49,Bigender,12.16,163,35,2,1,75,2,105,16.46
798-05-2130,Welch Orton,60,Bigender,56.8,88,33.6,5,2,0,4,108,2.65
385-25-2292,Lesley Coulbeck,44,Male,26.2,133,17.5,4,0,7,2,116,8.61
651-30-0088,Klaus Donke,25,Genderqueer,52.39,77,0.4,6,2,12,7,111,3.43
133-42-0510,Grissel Whitehorne,52,Bigender,30.78,109,15.9,2,0,46,4,116,15.73
678-71-7439,Arabel Shotter,25,Male,49.33,122,14.3,6,3,70,6,103,14.21
264-52-8973,Cordi Filgate,33,Female,22.32,87,23.7,4,3,24,9,116,14.27
418-48-8275,Albert Acott,60,Male,41.42,135,46.6,9,0,27,2,107,9.6
401-88-9557,Chris Churchward,18,Polygender,15.92,110,17.3,2,2,65,10,97,18.02
504-49-4983,Jerri Van Vuuren,19,Agender,34.16,123,9.6,1,3,58,4,111,15.57
274-76-9035,Gwen Warcop,31,Non-binary,64.46,72,27.3,4,3,6,0,115,1.38
603-71-9347,Maria Lempke,56,Bigender,19.58,71,27.2,4,2,28,8,98,11.75
420-77-6886,Mata Lapthorn,46,Bigender,53.65,157,15.2,3,2,31,1,95,2.94
705-40-4194,Amelina Meegan,29,Male,42,172,6,9,2,84,5,91,12.92
576-87-3402,Ginger Lackney,51,Genderfluid,15.71,174,20.7,8,1,30,10,104,8.02
386-73-5299,Jeromy Jaouen,48,Genderqueer,64.8,68,45.1,10,2,61,7,108,10.58
868-35-7590,Marlo Ovenden,45,Non-binary,30.63,166,24,9,1,36,1,116,10.94
525-24-5050,Nyssa Bugden,51,Genderfluid,46.34,76,21.1,5,0,75,7,99,14.89
358-05-0361,Hymie Donat,47,Genderfluid,9.24,141,9.4,5,2,100,2,113,21.7
284-29-1287,Hailee Comrie,51,Polygender,38.6,72,33.1,5,2,97,7,96,20.6
871-21-2249,Prentiss Kensall,57,Agender,13.45,92,22.4,4,3,100,5,95,24.12
377-79-9044,Curtis Gordon,24,Bigender,34.35,139,16.2,9,0,62,2,106,15.31
747-90-3567,Nigel Cawdron,20,Female,10.18,102,29.5,1,2,5,2,108,9.16
295-25-7944,Roz Chominski,34,Bigender,16.31,62,34.4,2,0,83,2,102,20.36
782-01-7863,Merola Jeanneau,58,Non-binary,50.5,122,41.4,9,1,2,6,89,2.41
532-70-2357,Christel Youson,57,Non-binary,61.98,147,33.7,10,0,20,8,91,0.59
285-64-9249,Deedee Maddison,49,Male,44.12,152,48.1,4,0,63,9,85,10.97
762-12-2041,Maxwell Eskrigge,23,Male,49.21,93,10.5,9,0,87,8,91,16.86
823-16-4890,Lottie Domini,33,Female,56.98,154,5.8,1,2,6,1,99,-2.07
533-42-3925,Reiko Eddies,50,Agender,10.19,95,43.9,7,1,93,4,111,25.09
136-62-5979,Malissia Purbrick,24,Agender,23.43,166,46.9,4,1,25,0,84,8.57
214-75-4726,Berton Copner,58,Agender,40.51,116,43.7,3,1,80,9,115,20.02
536-23-1025,Irena Dibb,52,Polygender,32.04,166,32.2,1,3,85,7,113,18.18
364-51-2149,Payton Scurman,38,Female,37.59,151,11.2,4,3,21,9,89,4.29
167-12-8749,Carolee Guildford,41,Genderqueer,11.21,179,10.9,7,3,0,8,119,2.7
262-58-4226,Samaria Gillam,52,Polygender,24.19,149,47.6,7,0,53,1,83,14.46
687-83-7547,Paulita Fairbrother,25,Female,17.28,95,48.2,5,1,23,8,116,15.07
250-95-2808,Cynthea Moggan,55,Bigender,42.89,70,28.9,9,0,7,7,93,3.85
493-65-9637,Paulie Goodburn,20,Polygender,25.61,165,6.5,4,2,92,10,97,18.26
572-36-2000,Deerdre Pennycook,43,Female,35.45,168,48.5,8,0,0,9,98,2.5
466-19-6333,Belita Sheed,33,Male,56,90,8.6,3,2,72,5,81,11.37
509-54-1760,Maximilien Wemyss,57,Male,14.85,166,33.2,4,0,26,8,116,9.07
556-65-2319,Robinet Tessier,23,Male,18.5,75,0.5,3,2,9,10,89,6.37
359-74-8299,Jenna Coneley,59,Bigender,56.49,79,35.8,3,1,92,4,114,17.96
325-16-7676,Julie Le Fevre,38,Agender,36.78,88,21.3,2,2,87,6,92,19.43
521-92-8743,Fifine Blazek,25,Agender,32.51,99,20.8,2,0,0,0,83,5.79
173-93-6495,Cirilo Halfpenny,35,Non-binary,63.71,113,19.5,7,0,14,3,113,3.25
324-47-8320,Licha Speed,35,Female,49.95,178,48.9,2,1,1,3,113,-0.03
633-22-5059,Siana Brokenshaw,26,Genderfluid,15.19,77,12.8,3,1,0,2,108,6.93
237-16-6876,Tremayne Muckersie,37,Male,31.53,163,13.4,6,2,49,4,89,9.91
668-24-3934,Waldo Defty,45,Non-binary,49.32,162,39.3,9,3,15,7,102,2.98
327-23-7903,Lauren Witcombe,60,Agender,33.3,141,2.2,2,3,3,5,89,2.5
715-73-2897,Neala Suart,27,Genderfluid,62.53,116,19.9,8,2,51,3,115,10.16
132-49-0271,Mela Suscens,51,Genderfluid,54.36,76,15,5,1,85,6,83,13.27
392-37-9512,Konrad Circuit,19,Male,61.99,162,31.2,5,1,69,7,110,9.15
850-14-5585,Courtnay Speller,54,Female,35.41,87,37.5,5,0,41,5,84,11.97
790-67-0041,Abigale Nugent,34,Genderfluid,31.19,156,4.5,6,2,36,3,86,7.69
680-96-6640,Pembroke Oglevie,32,Genderqueer,51.66,68,32.5,8,1,39,8,81,6.34
494-62-6460,Jocko Muston,29,Female,43.69,176,32.6,5,1,69,6,105,11.68
183-30-9487,Melessa Askham,46,Genderqueer,49.14,117,23.5,7,2,29,9,102,7.76
798-72-7287,Lucille Kemwal,19,Polygender,27.13,81,4.7,2,0,85,0,119,22.46
711-28-5073,Deni Frichley,50,Genderfluid,38.66,164,0.1,10,1,55,0,82,8.45
812-04-2085,Hayyim Scobbie,32,Female,39.12,123,37.9,10,1,72,8,87,16.44
493-16-1044,Blondell Greenside,28,Male,56.36,60,0.4,7,0,18,5,108,1.89
192-20-8060,Rosaline Plet,32,Non-binary,64.64,104,10.4,10,3,29,6,85,3.86
866-24-5295,Farlee Dicty,51,Genderqueer,19.73,180,28,5,0,39,6,113,10.94
447-82-9302,Joyous Willmott,48,Polygender,61.56,62,37.3,6,3,43,7,81,4.67
482-90-4861,Gene Gerbl,38,Female,52.16,133,36,1,3,2,6,96,1.04
333-62-4074,Gabby Glanton,41,Male,10.7,129,44.1,6,3,87,6,117,22.88
103-32-4044,Hamil Pheasey,39,Genderfluid,48.58,99,23.3,2,3,70,4,93,15.26
611-17-0205,Konstantin Scuffham,29,Non-binary,41.64,177,33.7,7,0,24,1,115,5.72
330-91-2555,Kliment Huortic,48,Genderfluid,9.28,137,0.4,9,2,86,5,80,16.45
304-91-8646,May Clifton,58,Genderqueer,41.58,74,36.7,6,2,40,9,100,10.92
208-23-7002,Brion Ommanney,30,Female,15.22,170,16.2,1,2,75,9,106,15.4
229-67-2707,Denny Kenforth,57,Genderqueer,39.76,60,10.4,6,3,37,6,98,8.5
801-12-6636,Domenic Newlyn,42,Genderqueer,38.41,139,16.7,10,1,65,7,93,13.63
538-20-1796,Shamus Kipling,32,Agender,56.53,66,4.3,6,0,75,5,94,10.84
158-29-2860,Daryn Bennough,39,Female,63.65,105,37.2,5,1,76,10,95,13.2
733-33-6186,Mychal Hevey,32,Polygender,60.13,103,25.5,6,3,45,0,120,11.52
525-72-1409,Durward Pallent,21,Polygender,10.55,136,34.4,5,3,17,8,119,9.96
166-84-4221,Wolfy Dies,47,Male,11.52,111,36.7,1,1,89,0,84,21.08
578-02-1282,Ringo O'Dyvoy,41,Bigender,12.44,74,34,10,3,66,6,101,18.39
258-85-5441,Onfre Helstrom,42,Female,52.1,170,13.6,10,0,88,7,101,12.48
637-92-0719,Garwood Breinl,51,Female,23.86,90,8.6,3,0,67,3,103,19.37
658-05-9229,Carmel Tubbles,36,Bigender,55.75,87,43.2,3,0,39,6,107,9.31
495-14-5207,Nelli Geekin,32,Agender,13.59,96,8.7,4,1,53,9,89,14.84
212-32-2051,Stillman Crombie,53,Non-binary,61.21,118,32.7,10,1,89,6,90,14.93
346-58-0431,Piper Ramage,56,Male,36.7,68,25.2,5,3,18,3,82,5.97
291-54-8639,Giovanni Niessen,44,Female,9.95,90,0.3,6,0,13,4,96,7.29
462-72-6866,Bastian Tarry,48,Genderqueer,49.96,70,1.7,10,1,86,3,89,14.49
469-88-5275,Leigh Shave,27,Polygender,25.43,106,4.7,5,0,10,10,115,10.41
430-17-4208,Darb Gwyer,43,Female,32.87,139,12.1,7,0,32,6,81,7.55
204-63-4494,Dinny MacNeil,49,Female,25.29,164,25.2,6,1,52,4,99,13.03
626-16-5630,Terra Girardini,20,Non-binary,34.6,111,18.3,10,2,11,10,117,9.82
865-52-5098,Eolande Polland,50,Female,63.45,162,27.3,4,1,37,6,103,2.39
252-04-7983,Phillipp Jeanequin,26,Genderfluid,12.98,168,19.1,10,0,1,9,80,0.96
515-98-0132,Waiter Seyler,43,Male,33.38,84,1.7,2,0,91,10,99,19.67
554-99-0016,Kirstyn Coot,19,Female,59.87,107,19.9,4,3,7,5,87,1.12
772-94-7811,Letizia Soule,34,Genderfluid,32.93,153,45.4,8,0,77,0,83,16.41
100-12-1951,Ezequiel Llewelly,28,Agender,25.82,65,33.3,7,3,70,2,94,18.81
709-34-5213,Etti Silson,59,Bigender,60.75,145,10.6,5,3,91,4,100,12.87
175-22-7355,Ashton Cosgrive,37,Genderqueer,63.4,126,41.9,6,3,14,5,114,3.65
370-68-5457,Anthony Reef,28,Polygender,50.46,148,48.4,3,3,35,0,114,8.67
691-88-9138,Skye Shama,38,Male,37.16,134,18.3,1,3,23,1,84,6.17
524-97-5501,Christie Bough,54,Genderqueer,10.79,73,3.3,4,2,27,9,91,7.93
169-32-9462,Charlene Stood,18,Genderqueer,39.62,64,22.9,9,3,82,2,93,17.39
262-48-2206,Tommy Ottawell,23,Female,20.35,101,13.3,9,3,40,6,80,14.77
566-16-2972,Filia Smye,43,Female,53.9,80,3.2,4,3,82,9,104,14.48
441-06-0271,Gwenette Goseling,30,Genderfluid,36.6,164,30.1,1,3,38,6,102,8.39
896-19-3876,Trip Robion,41,Genderqueer,59.88,89,4.1,4,0,18,1,105,3.24
472-11-6007,Paton Corck,48,Male,42.42,73,31.1,9,2,59,6,104,14.47
337-38-9197,Maxine Della,46,Genderqueer,40.26,84,37.4,9,1,1,4,89,4.92
115-25-3643,Dur Muncey,30,Female,15.87,68,12.4,9,3,88,3,91,20.55
866-63-5166,Jacinthe Larcier,24,Male,38.94,127,45.4,5,0,97,4,105,22.06
875-05-2675,Eddie Greeson,30,Agender,33.26,88,21.2,4,2,22,10,80,8.07
549-43-6004,Addy Collyns,19,Bigender,39.01,100,29,4,3,87,0,115,23.15
612-31-8021,Bartlett Larham,18,Genderqueer,24.67,143,13.5,7,3,68,0,97,17.54
426-45-8501,Pancho Kinsell,25,Agender,32.88,135,10.2,5,0,81,9,85,16.17
384-97-9669,Staford Dobbins,21,Agender,55.32,108,25.5,5,0,7,2,116,4.81
150-37-6953,Isac Lavis,28,Female,44.71,99,11.5,6,1,83,2,114,19.93
863-16-6112,Carly Reveley,29,Agender,11.44,82,24.2,2,0,8,2,120,9.27
657-17-2381,Laird McIntosh,48,Male,28.32,94,28.9,2,1,100,0,107,25.91
725-75-3484,Oates Nellies,18,Polygender,52.83,76,44.6,4,0,0,7,88,0.94
410-60-1192,Gabriela Eliasson,58,Agender,39.61,168,32.1,3,0,94,7,116,17.94
854-02-6880,Amalle Kearney,45,Non-binary,48.52,151,40.8,4,3,37,7,85,5.82
172-28-2140,Arvie O' Scallan,52,Female,41.46,164,26,1,3,13,10,84,0.92
594-37-0723,Glendon Gladdish,49,Genderfluid,12.07,139,42.3,5,0,62,7,116,17.37
834-79-1280,Constantine Eade,38,Genderqueer,26.32,77,44.5,5,1,99,6,89,23.95
578-29-9188,Ibby Graalmans,60,Non-binary,28.64,82,46.5,7,3,35,4,96,14.21
525-78-9124,Ardis Jewer,19,Male,54.26,92,37.8,10,1,62,0,95,13.88
123-86-8716,Janos Bernardeau,58,Female,55.83,161,32.5,3,1,20,8,80,-0.8
191-96-9509,Laure Kimbley,44,Bigender,40.91,169,48.1,6,1,18,0,95,4.45
429-18-4640,Aubrette Jeremiah,35,Male,42.18,173,29,2,1,72,2,81,10.33
483-79-3924,Yehudit Norledge,49,Male,46.26,96,17,2,2,7,4,118,6.6
219-69-0207,Gena Easseby,44,Agender,34.99,117,18.9,9,1,34,0,99,11.84
157-95-7174,Hirsch Loughran,43,Non-binary,44.67,67,20.3,5,3,1,0,107,3.47
326-98-1789,Leese Gapper,58,Male,12.16,155,10.6,10,3,22,9,88,5.96
582-62-0322,Sauveur Caldwall,18,Male,42.36,161,12.5,7,1,71,0,104,13.04
702-06-5748,Ollie Habbeshaw,36,Polygender,18.79,149,42.2,6,0,72,2,110,19.65
738-99-9946,Elset Corrie,34,Female,49.39,176,48.9,9,3,96,4,117,17.66
782-80-8456,Renee Sleeny,30,Polygender,53.23,124,24.4,3,1,63,6,117,13.18
864-27-5270,Ruperta Tinniswood,38,Polygender,54.16,97,47.3,7,2,56,0,114,15.2
598-06-8298,Sayer Cordero,25,Agender,55.87,143,25,7,2,84,9,99,13.44
642-28-7620,Lucille Conner,29,Agender,49.88,157,17.9,9,1,77,5,91,11.66
609-31-9496,Cordell Giddy,55,Genderqueer,38.38,76,28.3,1,0,86,2,100,18.85
191-37-5036,Silvano Bunker,24,Agender,18.68,143,0.1,5,0,71,5,86,15.45
107-02-8934,Celine Maha,60,Female,34.67,103,2.9,6,1,10,5,103,7.86
508-19-0880,Cassie Glossop,20,Male,30.14,83,19.4,2,3,50,6,108,15.77
761-17-2166,Ede Stanfield,50,Genderqueer,52.83,60,46.5,3,1,87,10,109,16.14
284-79-0359,Darrell Valentinetti,36,Agender,38.09,77,14.1,3,1,54,8,95,12.42
801-77-0203,Erminia Rowlson,47,Genderfluid,39.39,89,24.2,8,2,90,10,97,20.37
307-85-6982,Thedrick Claire,31,Genderfluid,58.56,141,39.4,7,2,46,2,103,8.02
673-54-5412,Alley Valde,46,Female,42.5,68,10.7,1,0,58,2,106,12.23
584-07-8731,Gay Ghest,23,Female,29.79,84,27.4,6,2,69,3,103,19.54
486-33-9498,Dusty Biaggiotti,41,Female,16.11,89,41,9,0,23,3,114,14.29
217-12-7640,Theodora Beavan,42,Genderfluid,12.4,70,27.8,3,0,61,3,116,17.33
636-47-2971,Cari Gebhard,24,Female,51.7,100,22.3,5,1,24,7,81,5.64
734-06-6084,Olly Berrecloth,19,Male,15.9,60,23.8,9,2,11,3,113,9.31
428-72-1057,Valene Angrick,23,Polygender,45.42,157,26.3,1,3,81,6,86,12.72
217-69-5619,Cleon Tramel,21,Bigender,54.57,175,47.8,8,0,3,5,101,-1.18
491-20-1481,Worthington Servis,33,Male,60.15,114,11.5,6,3,76,3,113,14.39
483-57-5306,Ainslee Heales,47,Genderfluid,36.05,136,30,3,3,14,6,89,5.63
418-87-4976,Row Moffatt,57,Bigender,49.68,62,1.6,10,2,11,6,86,0.81
617-62-6012,Windham Ballinghall,33,Genderfluid,23.75,153,2,4,3,58,0,100,14.55
744-59-3260,Gabriello O'Spellissey,51,Male,46.6,148,13.3,3,0,48,5,83,6.41
147-80-3468,Gabie Fyndon,28,Genderfluid,59.34,159,46.9,2,2,67,1,102,9.83
149-91-6646,Lisha Ashcroft,23,Non-binary,46.72,92,35.8,6,2,51,9,108,13.9
708-62-4732,Bat Fulep,33,Agender,61.79,82,43.6,3,2,15,5,92,2.51
774-64-2039,Ruttger Salle,52,Genderfluid,10.59,169,19.7,10,2,70,4,89,13.38
426-40-1257,Cathlene Leeburn,50,Non-binary,58.23,61,15.6,3,1,11,6,98,-0.18
225-72-3771,Erl Boyet,56,Agender,38.36,180,34.3,8,0,93,5,87,15.21
809-50-8532,Muffin Cuxson,34,Polygender,33.49,66,16,8,0,97,9,114,21.99
708-23-1891,Eirena Geffcock,23,Female,47.37,123,24.4,5,0,89,10,118,18.93
799-96-3248,Wynn Jeannin,47,Genderfluid,12.01,148,23,7,0,19,9,90,6.11
777-63-0779,Corbin Simeone,38,Bigender,29.03,115,39.8,8,3,23,3,99,12.48
203-54-4188,Gino Washbrook,20,Bigender,23.01,163,14,10,2,39,8,118,12.97
217-14-5700,Aldous Chelley,24,Male,60.66,81,45.6,3,2,64,0,81,10.46
207-77-4286,Car Jaye,60,Polygender,12.11,127,1.5,2,3,0,0,102,4.98
332-97-3396,Latrina Meeks,52,Agender,57.42,71,37.9,5,1,15,10,96,2.37
888-22-9769,Silvester Baggott,37,Male,19.59,166,32,9,3,96,0,110,22.84
799-50-3958,Carlie Ruse,49,Non-binary,58.32,61,45.2,8,0,13,10,104,2.29
578-97-3617,Wrennie Mabbitt,25,Female,35.97,118,49.8,10,0,0,1,97,7.12
199-44-2309,Stanislas Recke,56,Bigender,37.02,168,16.6,4,1,36,4,114,8.11
611-42-2054,Andi Twohig,32,Polygender,59.14,70,7.1,7,2,79,2,119,14.2
281-76-1769,Alvis Masselin,20,Female,9.77,168,5.9,8,3,67,7,120,14.76
207-29-9869,Valina Syer,49,Male,57.64,109,24.3,3,1,88,2,118,17.92
259-83-6371,Josi Spinola,35,Bigender,28.21,135,18.2,5,2,45,6,85,11.86
800-69-1195,Louie Kilford,48,Agender,64.27,171,43.4,6,1,69,10,103,7.7
269-81-0423,Raven Duny,46,Male,62.46,106,15.3,4,0,8,4,82,-0.33
628-85-2005,Corilla Channon,32,Female,31.38,150,25.9,2,3,67,0,80,13.85
115-82-0382,Lelah Davey,21,Agender,55.04,114,25.6,9,3,6,5,86,2.14
872-02-4633,Dalila Haddeston,49,Male,12.03,85,32.6,7,0,43,1,102,14.87
498-07-3382,Yule Harriott,55,Female,32.59,118,8.4,6,3,15,3,84,6.93
670-62-5541,Virginie Gribbell,44,Bigender,45.95,160,29.1,9,3,25,3,106,5.67
855-23-8727,Cathie Geldard,48,Genderqueer,61.97,90,40.2,7,0,63,2,120,13.88
771-04-2292,Jeannette Canfield,25,Polygender,58.44,155,30.1,2,3,72,0,107,11.02
860-40-4548,Dale Cranstoun,45,Genderfluid,11.73,76,27.2,7,2,40,3,89,12.29
231-16-2290,Ardisj Beaston,44,Male,39.54,91,1.3,9,3,64,6,114,16.94
690-89-4227,Arther Steljes,59,Agender,21.22,132,14.7,7,3,85,1,87,20.79
487-15-1653,Tarra Ivasechko,38,Genderfluid,57.63,135,20,2,3,68,3,114,12
800-60-6852,Florella Fisher,46,Female,44.6,147,3.5,1,1,5,7,102,0.66
287-16-5697,Deonne Hares,22,Agender,51.83,81,42.7,8,0,92,1,84,17.48
284-18-7736,Rolando Stubbings,36,Female,24.23,135,6.8,5,0,73,9,90,16.94
657-47-8633,Rooney Capinetti,56,Agender,63.06,127,0.1,2,3,77,10,116,11.69
896-50-9731,Rhona Goodwin,48,Agender,16.55,99,36.5,6,3,81,2,110,24.59
690-14-7494,Shalne Guye,47,Non-binary,43.54,88,20.5,9,3,84,8,111,19.78
568-46-1417,Gertruda Chesnut,43,Genderfluid,55.79,108,28.9,4,3,26,6,90,5.71
146-11-2216,Duff de Tocqueville,49,Male,34.45,80,43,3,0,84,5,82,18.84
752-42-9683,Gerri Plumtree,21,Non-binary,34.24,106,11,4,1,38,5,93,11.93
721-31-7227,Cobb Salvador,39,Polygender,41.51,61,25.6,4,0,97,3,119,20.69
121-03-0975,Patten Gorusso,55,Genderqueer,24.13,135,12.1,7,3,9,8,103,8.1
536-33-5474,Ema MacTrustrie,40,Non-binary,46.32,173,19.1,10,3,70,3,89,10.29
885-79-2836,Kettie Koenen,39,Polygender,15.83,78,46.4,3,3,45,7,82,14.04
659-30-6182,Arie Baroche,30,Non-binary,32.2,154,25.3,8,2,67,3,117,16.94
557-15-7260,Meggie McCreadie,38,Polygender,52.51,93,14.2,10,2,96,2,102,19.49
708-23-3087,Eric Fellgatt,27,Genderfluid,47.68,139,6.9,6,3,66,4,96,11.64
400-57-4895,Else Wiz,47,Polygender,24.17,160,16.6,3,0,82,2,83,16.52
629-23-0509,Eddie Lamke,29,Genderqueer,38.78,68,3.5,9,3,70,8,114,16.34
738-53-1801,Alyse Kleinber,28,Polygender,32.94,95,20.1,10,0,53,8,98,16
622-50-4713,Chauncey Wardlow,31,Polygender,29.79,69,24.1,3,2,12,1,115,9.34
232-56-6994,Fran Parke,29,Genderfluid,52.11,147,27.7,10,3,99,3,108,18.21
268-33-7711,Joelly Gurden,38,Female,54.26,127,5.5,7,2,99,2,111,18.09
862-85-1813,Arlan Heap,48,Bigender,43.84,112,14,9,2,26,6,93,7.9
289-98-8288,Isidoro Costan,59,Genderfluid,43.54,179,31.5,5,1,100,7,105,16.52
746-09-0361,Florentia Roswarne,19,Non-binary,44.28,147,32.7,8,0,68,5,115,14.89
694-92-6648,Sharai Cayle,44,Male,27.34,140,14.1,4,0,43,9,105,12.34
374-64-4598,Cynde McColm,40,Polygender,28.66,127,19.8,5,2,10,0,100,8.23
394-68-8315,Kliment Jambrozek,29,Genderqueer,21.97,93,9.4,4,0,88,3,86,22.28
333-03-8881,Derry Vankin,55,Genderfluid,16.62,126,0.8,1,1,60,6,120,17.13
679-13-9397,Kelley Lorkin,48,Non-binary,42.49,138,45.3,4,2,62,9,90,12.85
593-05-3117,Noni Silwood,40,Agender,46.44,81,8.5,2,0,14,6,113,5.32
617-77-8859,Zedekiah Glassman,41,Female,20.15,177,48.4,7,2,93,8,107,21.3
642-21-3948,Phyllida Kurt,58,Genderfluid,45.05,81,29.1,7,3,8,1,116,7.04
432-19-6900,Jewell Saiens,40,Genderfluid,58.85,72,44.3,8,2,9,1,83,1.27
332-82-0828,Giuditta Scruton,24,Genderfluid,40.46,149,37.7,10,1,84,2,109,18.48
220-11-3599,Brittney Henzley,26,Female,16.47,69,2.4,6,1,9,10,95,6.23
642-42-7300,Joan Dimblebee,45,Female,22.46,170,3.5,1,2,62,9,87,12.05
581-36-0165,Fay Devas,34,Non-binary,46.36,102,23.1,2,3,95,0,83,19.27
370-09-5430,Judah Shewsmith,32,Genderqueer,59.63,81,1,8,3,37,8,84,4.25
217-67-6336,Jens Izod,44,Genderqueer,18.36,174,2.2,8,3,83,1,89,16.16
738-27-4454,Veronique Cranmore,35,Genderfluid,18.03,62,32.8,6,1,54,8,119,17.42
809-05-0982,Amil Sturgis,52,Female,24.01,117,31.6,7,3,24,3,90,12.23
216-25-1621,Xylia Splain,45,Non-binary,27.03,103,8.6,5,1,44,0,106,16.12
743-37-3142,Maurene Phizaclea,59,Female,23.16,178,8.4,2,3,11,4,94,3.95
154-49-8131,Paige Kervin,52,Genderfluid,44.32,67,11.2,2,3,29,10,118,7.91
611-11-7075,Benita Surgeon,60,Non-binary,54.8,141,30.4,1,3,5,0,107,1.34
208-19-8476,Skyler MacAlaster,56,Female,47.67,139,33,8,3,37,9,97,7.91
638-38-0183,Blinny Harston,56,Non-binary,56.57,140,10,9,3,4,10,107,0.05
826-86-4058,Johnath Wilmut,44,Female,53.63,150,10.5,6,2,75,4,98,11.14
349-62-5965,Job Iacovozzo,27,Genderqueer,36.95,77,37.5,7,0,58,6,101,15.49
162-84-5143,Sonja Kington,44,Genderfluid,25.39,75,26.9,5,1,3,2,90,7.11
720-81-9868,Harp Jorgensen,22,Polygender,62.56,70,10.6,9,1,43,1,87,4.8
552-97-0806,Bran Brunone,46,Non-binary,32.42,178,0.3,9,0,62,6,117,12.47
893-70-0234,Elenore Stiddard,35,Male,50.63,125,22.7,6,1,29,10,114,7.58
563-02-8418,Hilly Hrinchenko,27,Non-binary,46.31,142,46.9,10,1,66,3,105,14.72
641-63-6206,Humberto Rame,34,Male,39.62,177,43.8,9,2,43,8,108,9.29
649-56-6281,Jo-ann Comini,24,Female,12.24,120,46.3,9,2,66,7,90,18.24
451-49-5357,Whitman Tolomio,35,Genderfluid,42.48,106,10.4,10,3,47,7,101,13.01
461-07-9792,Conan Georgi,42,Polygender,39.51,103,11,2,2,35,0,86,10
177-04-6313,Elliott Girke,47,Genderqueer,55.61,86,21.8,1,3,97,4,91,16.88
746-95-1270,Haskell Askew,20,Bigender,43.38,138,38.6,10,0,70,5,100,15.29
773-11-7229,Zebadiah De la Yglesia,39,Bigender,54.91,93,15.7,2,3,90,5,113,18.15
859-17-2497,Mort Widdowson,48,Polygender,38.57,164,28.6,7,1,5,2,97,2.33
494-25-0065,Jess Oakly,50,Genderfluid,55.47,156,9.5,6,1,60,7,113,8.68
337-75-8903,Tressa Goodhay,49,Bigender,11.37,155,1,7,0,88,2,86,16.1
594-07-3860,Dennie Oldknow,48,Polygender,32.07,62,3.5,1,1,34,9,84,7.33
555-02-1494,Janka Breazeall,59,Bigender,40.46,108,2.4,6,2,30,1,96,9.3
727-36-3574,Herve O'Kane,35,Non-binary,50.19,178,28.1,8,1,67,2,103,9.85
134-53-5575,Richard Sallis,37,Polygender,23.41,111,7.7,7,2,14,0,117,12.48
579-63-0045,Scottie Haslewood,24,Genderfluid,14.18,96,46.2,6,0,72,2,115,22.95
722-78-0913,Roxane Blaxall,37,Polygender,36.69,108,27,10,3,94,8,94,22.24
420-29-1948,Aristotle Zelake,39,Agender,26.55,169,29.5,1,3,46,8,120,12.99
141-48-5122,Truda Peres,44,Bigender,11.46,68,47.2,7,0,15,1,92,8.47
794-86-7247,Aurora Chapple,41,Female,32.51,158,45,6,1,2,10,97,3.9
775-38-3670,Concordia Dodge,58,Male,33.68,73,44.1,6,1,64,4,85,15.84
377-78-1917,Iona Stockman,22,Female,20.78,121,1.2,9,3,47,10,113,16.58
749-20-7280,Charyl Phythian,39,Bigender,24.71,124,45.5,5,1,40,8,81,13.4
519-08-6667,Correy Rioch,20,Female,60.84,156,20.9,3,2,26,3,104,1.68
593-45-4394,Torr Switsur,18,Polygender,51.12,77,35.7,3,2,73,8,84,13.11
800-30-0204,Woodrow Stoke,51,Male,43.06,149,30.3,9,1,28,5,95,6.37
603-90-5815,Xenos Marriott,37,Bigender,11.75,117,17.9,2,3,9,8,117,9
887-29-8128,Abigail Danilenko,22,Genderfluid,49.47,136,39.6,7,1,74,1,87,13.72
318-62-6604,Bessie Latehouse,43,Genderqueer,18.43,114,33.3,9,2,52,3,101,18.19
753-72-1954,Gardie Ellerton,28,Agender,18.37,137,48.3,2,2,100,9,100,24.16
605-76-9919,Arvin Durand,29,Genderqueer,33.98,116,11.4,5,1,89,5,100,20.56
768-92-8424,Rosanna Humble,56,Genderfluid,62.96,99,34.6,8,1,17,1,81,3.04
630-38-4410,Margaretta Faloon,50,Male,40.82,88,1,6,3,45,6,100,11.6
416-14-6393,Darlene Hands,55,Bigender,51.77,130,20.7,5,3,64,1,109,12.96
667-64-4755,Keene Hubert,37,Genderqueer,9.37,142,27.7,7,2,42,1,104,12.19
536-87-3633,Francklin Gatty,54,Polygender,61.89,110,5,7,2,40,10,118,7.81
547-20-6065,Gabby Greaves,40,Agender,24.46,63,23.6,2,2,40,7,103,13.19
529-98-7186,Dorotea Lamcken,41,Male,24.65,98,45.2,9,3,73,5,89,22.33
779-25-4836,Reilly Churching,33,Non-binary,48.66,101,1.6,3,3,46,1,112,12.09
256-07-6432,Anastasia Held,42,Non-binary,45.19,72,18.8,2,2,82,5,102,16.27
158-26-8724,Daryl Navarro,45,Non-binary,38.94,177,46.7,9,0,44,8,107,9.36
787-51-1316,Corene Montford,34,Genderqueer,23,165,34,7,0,81,9,82,17.02
642-25-7754,Laney Cuthbertson,48,Non-binary,36.22,145,7.9,6,3,26,3,109,8.08
755-60-9788,Gordie Piercey,42,Bigender,62.93,129,47.8,4,0,45,7,84,5.65
631-06-6493,Regine Palmer,33,Genderfluid,44.43,118,0.9,7,3,6,5,113,5.08
828-17-0672,Bengt Beckhurst,41,Male,42.96,106,26.2,8,2,62,5,109,16.73
202-27-1756,Armand Moreinis,22,Genderfluid,11.24,98,46.9,7,2,82,8,96,22.5
723-13-6437,Bernie O'Hdirscoll,42,Female,41.82,131,46.9,9,2,44,1,101,12.57
217-33-4098,Robinett Sollom,51,Genderqueer,43.19,120,3.9,6,3,9,6,104,4.82
630-68-6446,Margalo Maulden,46,Polygender,14.36,171,30.5,4,1,50,3,86,10.27
481-90-0850,Brnaby von Nassau,38,Polygender,42.99,125,23.1,10,3,51,5,109,13.52
858-33-7960,Buiron Bensley,46,Non-binary,46,75,44.4,10,0,12,5,109,6.87
192-50-3199,Merle Fairtlough,21,Genderqueer,24.79,85,26.1,4,1,16,7,80,9.02
324-90-4078,Doretta Lyver,42,Bigender,17.89,162,29.5,4,2,33,0,86,9.15
494-47-8475,Rosette Millins,32,Non-binary,31.21,177,19.3,1,3,77,3,116,16.05
251-65-4992,Cori Ganiclef,33,Agender,54.54,178,11.4,9,3,30,1,84,0.49
787-86-7382,Drud Hallede,35,Agender,30.91,147,7.9,8,1,61,9,89,12.87
580-46-3530,Garrett Beevens,46,Genderfluid,58.18,123,44,2,2,13,6,97,2.82
751-70-3991,Edmon Snewin,47,Polygender,14.42,135,46.3,9,2,85,9,96,21.07
717-88-3084,Gage Edel,23,Polygender,14.7,95,33.4,8,0,65,7,81,18
211-99-2561,Zulema Ruttgers,38,Male,44.17,179,26.3,2,0,12,4,82,-1.09
895-09-7414,Barty Messiter,32,Agender,42.7,156,7.1,4,2,24,9,103,4.23
325-53-1251,Celestyna Zarfai,39,Agender,22.66,88,19.9,4,3,57,2,84,17.22
373-52-5906,Millicent Gosnay,21,Genderfluid,56.38,109,14.5,8,0,71,10,103,13.48
383-17-9722,Alard Rollitt,59,Genderqueer,45.82,119,15.2,9,0,65,0,113,15.47
110-28-0674,Stephen Savine,37,Genderqueer,9.12,163,45.8,2,3,12,9,85,3.7
193-56-3595,Patti Bridgett,34,Agender,24.15,144,45.5,4,3,84,5,88,20.4
506-70-6802,Bridgette Nutter,27,Male,14.61,156,29.8,1,1,79,4,80,15.59
190-27-5331,Garik Targetter,48,Female,41.92,143,6.8,4,0,94,10,82,15.05
151-96-7538,Corrie Bowmer,48,Agender,62.33,70,20.2,4,1,6,8,86,-2.08
467-38-1171,Lotti Hincks,47,Female,57.1,169,14.3,5,2,33,4,80,0.18
203-33-9753,Cherrita Reuben,26,Non-binary,26,87,41.5,9,2,45,0,113,18.6
185-39-8015,Drona Cridlan,22,Genderqueer,52.12,126,48.4,2,1,100,9,102,19.17
313-08-9678,Pris Jotcham,59,Genderfluid,43.62,94,25.2,9,1,16,0,87,6.95
602-11-7100,Dorotea Robart,38,Agender,51.91,167,11.4,7,2,43,4,110,5.97
453-82-0553,Gardener Rosenzveig,28,Polygender,9.85,83,38.5,3,0,36,9,81,10.65
843-08-7046,Lucinda Treagus,45,Male,26.68,159,45.1,10,0,76,1,98,18.57
150-21-3930,Storm Setford,41,Bigender,48.02,91,33.9,6,1,50,3,110,13.6
781-91-5379,Willie Bousfield,28,Genderfluid,36.9,165,40.9,5,1,32,1,106,8.57
606-17-5760,Hyatt Holberry,41,Non-binary,18.05,141,38.3,2,1,84,2,101,20.88
135-71-4371,Diarmid Westcar,24,Bigender,12.07,145,47.9,9,2,56,3,109,16.53
888-51-6281,Mitchell Bikker,32,Polygender,31.69,180,24.4,7,1,48,0,110,11.01
273-12-4359,Brigitte O'Crowley,34,Non-binary,57.63,156,23.4,7,0,96,9,91,12.95
202-56-1568,Dunc Revell,23,Genderfluid,60.85,136,34.7,7,3,35,8,117,6.88
548-40-3319,Meaghan Lyenyng,38,Polygender,44.3,136,8.6,1,2,67,6,102,12.62
424-85-6288,Aubry Le Breton,34,Polygender,46.78,146,25.9,3,3,52,0,104,10.48
823-16-8935,Lee MacRory,51,Non-binary,57.44,151,27,5,2,43,3,109,6.54
391-65-1832,Christian Hazeley,34,Male,41.71,131,1.4,10,0,25,1,90,5.97
743-45-9060,Rudiger Aspling,58,Non-binary,60.65,130,4.2,6,1,80,3,117,13.34
530-29-7473,Elna Potter,27,Genderqueer,39.16,130,1.2,4,2,47,9,99,10.36
592-83-5922,Ulrica Weine,42,Genderfluid,27.52,66,25.9,2,0,30,10,97,10.19
513-31-9742,Cathrine Hancell,49,Genderqueer,63.04,93,47.7,6,2,72,7,120,15.65
844-71-4538,Raviv Reece,59,Male,58.28,165,31.9,7,0,67,0,87,7.68
268-50-0737,Rosalyn Everist,30,Genderqueer,59.98,167,24.2,7,3,5,1,96,-2.54
601-64-0800,Ludovika Geist,35,Bigender,37.51,94,35.8,10,1,87,0,86,20.98
472-04-3327,Diandra Robertsen,28,Genderfluid,19.09,107,36.5,8,0,6,5,112,11.81
404-49-8509,Marti Gregolin,45,Bigender,18.74,94,36.6,8,1,73,6,91,21.32
129-13-2000,Corella Prior,50,Female,23.48,176,32,7,1,66,0,103,15.88
431-81-7853,Dixie Kemm,41,Male,45.64,143,1.6,3,0,35,4,104,6.21
492-44-7332,Cahra Everill,44,Non-binary,50.89,111,1.5,5,0,45,5,82,7.46
873-58-9689,Kate Eede,42,Genderfluid,44.98,60,16,5,1,25,10,119,6.93
152-89-1103,Jenifer Feldhuhn,31,Genderqueer,37.43,118,0.8,4,0,19,7,106,7.39
615-80-7068,Hermine North,56,Genderfluid,31.73,155,48.2,5,3,9,9,98,5.92
899-82-0144,Patricia Triebner,24,Genderfluid,35.82,132,19.5,1,1,47,1,99,11.92
470-53-0897,Zoe Gilfillan,24,Polygender,10.09,131,48.2,2,1,77,2,82,17.6
595-17-2729,Kass Tebbs,58,Non-binary,58.13,75,13,4,2,90,3,89,13.84
811-30-9692,Seward Avieson,24,Genderqueer,30.44,148,22.3,4,1,1,5,94,3.75
554-61-1993,Muffin Cauderlie,48,Male,41.08,88,43.4,6,2,50,8,101,14.36
209-82-9382,Coretta Morales,51,Bigender,57.26,100,6.6,6,3,34,1,112,8.73
665-63-5935,Kriste Mullany,25,Agender,44.51,79,36.5,6,2,56,2,106,14.46
837-47-2160,Sharon Reece,49,Bigender,22.28,133,20,10,0,66,2,118,20.39
641-24-3292,Timothee Ferruzzi,33,Bigender,47.72,89,28,7,2,55,2,104,13.84
183-63-5022,Kristan Signe,38,Non-binary,44.69,170,34.4,4,1,54,8,85,7.42
761-56-6331,Crin Clackers,39,Male,23.57,175,45.6,10,2,76,7,85,16.75
645-08-6914,Margarete Jeffries,38,Agender,25.45,131,10.3,4,2,46,8,106,14.23
545-07-0885,Red Lanktree,32,Genderqueer,49.47,120,37.9,8,2,85,4,115,19.31
124-97-7216,Shannon Tarren,33,Male,46.66,171,44.9,4,3,67,8,109,12.08
389-63-9822,Maritsa McRonald,29,Genderfluid,27.36,80,14.3,6,1,28,5,110,12.47
332-16-2019,Clemmie Ashtonhurst,20,Genderfluid,23.82,102,18.5,5,1,74,10,96,21.12
106-82-9003,Katusha Rego,20,Polygender,43.15,94,3.5,3,3,62,0,106,15.31
836-29-0100,Tito Broadbury,19,Genderqueer,57.37,123,24.9,2,2,3,4,106,1.4
443-29-8463,Isabelle Gallihawk,31,Male,15.32,161,20.7,9,3,90,6,100,19.49
442-63-2299,Hertha Tran,49,Bigender,58.22,81,47.1,8,3,14,3,102,4.81
324-75-8283,Dex Wintle,42,Polygender,54.19,89,41.7,5,3,7,9,90,3.16
881-85-3665,Pen Crown,41,Agender,9.07,152,26.4,6,3,13,5,107,6.38
244-14-8288,Vanni Cripps,42,Bigender,28.49,75,17.2,3,1,52,10,96,14.14
299-75-4444,Ilario Timperley,45,Genderfluid,33.41,164,1.1,4,1,33,0,115,8.3
253-91-2039,Heath Bartolomieu,36,Agender,26.1,103,31,7,1,97,0,92,25.43
321-13-3127,Maegan Blenkiron,46,Genderqueer,56.81,60,13.6,4,1,92,1,108,15.03
217-32-6079,Darill Haigh,35,Female,40.21,92,27.6,1,3,73,5,113,18.92
830-44-4101,Ricki Benallack,48,Female,13.59,96,37.3,1,1,40,4,107,15.62
543-29-5998,Hazlett Canti,52,Agender,27.11,168,22.7,8,3,25,4,88,7.05
524-28-4003,Kailey Begg,60,Non-binary,48.96,162,29.8,8,1,57,8,92,8.36
182-87-0920,Gottfried Gerholz,40,Non-binary,44.51,66,24.9,8,3,22,0,110,7.8
834-68-3191,Zabrina Acory,33,Genderfluid,58.95,68,40.2,5,2,91,9,92,14.72
711-68-8981,Lucas Silveston,57,Non-binary,36.44,132,47.3,9,1,88,5,108,21.39
502-49-3276,Meredith Flecknell,54,Female,45.34,104,41.5,2,2,10,0,99,7.05
270-76-4825,Susi Popham,54,Genderfluid,49.79,147,26.4,9,0,16,2,99,3.21
113-96-4627,Mohammed Gepp,32,Male,17.48,112,11.1,2,2,44,0,113,16.28
614-07-9913,Katusha Rosenthaler,58,Polygender,37,112,23.8,2,2,34,5,103,11.49
273-89-0030,Ingelbert Buxcy,42,Male,48.21,89,48.9,2,2,15,3,86,5.76
258-03-4759,Legra Ipwell,21,Bigender,9.01,129,18.8,3,2,17,10,116,8.68
555-74-5914,Cointon Leah,41,Male,32.58,130,21,6,1,74,0,118,19.65
769-09-6746,Darcy Troutbeck,37,Polygender,50.9,73,41.8,2,2,70,5,106,14.59
873-64-6629,Wye Koppel,53,Polygender,30.19,155,1.1,6,1,40,4,100,9.5
576-60-0141,Molli De Luna,45,Genderqueer,34.84,116,8.6,5,3,67,4,109,17.56
849-55-1000,Blakelee L'Archer,50,Non-binary,36.91,89,39.7,7,1,39,8,91,12.36
529-60-9983,Hillier Leeder,40,Genderfluid,25.84,111,13.6,3,0,39,3,101,14.2
714-44-0636,Idalina Drewet,46,Non-binary,50.95,123,2.9,2,0,2,7,113,1.61
195-87-7803,Lothario Marti,34,Genderqueer,27.23,129,47.7,1,2,76,10,115,21.37
827-70-4178,Fabio Tanzig,45,Female,49.16,152,30.5,1,0,93,8,98,15.02
277-82-0955,Renato Kimbury,53,Genderqueer,49.39,92,2,1,2,51,10,103,10.5
504-10-3149,Sukey Buchanan,30,Genderqueer,62.74,164,27.1,3,1,31,10,93,0.19
258-11-3668,Verile Akitt,21,Non-binary,26.18,139,41,9,1,11,2,85,7.94
605-26-9572,Melissa Meric,22,Polygender,64.83,77,43.3,10,0,87,1,94,14.58
540-46-8694,Moyna Honniebal,44,Bigender,26.67,168,3.3,5,2,100,7,88,18.35
520-42-1963,Noll Mordacai,59,Genderqueer,20.78,174,1.8,2,2,75,5,117,16.82
750-12-2770,Allissa Hartless,33,Genderqueer,27.88,100,12.6,10,1,65,2,114,21.09
623-84-4932,Serena Jewitt,56,Genderfluid,63.31,90,41.9,10,1,55,1,90,10.08
830-36-0615,Giles Marshalleck,51,Agender,23.87,61,4.4,10,3,52,3,84,13.67
889-31-2206,Lyle Camerello,25,Non-binary,51.76,93,10.1,5,2,20,7,107,6.24
545-07-6926,Dierdre Ivashinnikov,29,Genderqueer,30.58,60,25,6,1,82,10,105,19.13
177-03-6051,Gardie Radenhurst,29,Polygender,9.75,141,33.1,4,2,69,7,102,16.41
123-07-3061,Samuele Bunney,44,Male,52.88,145,13.8,10,3,100,1,113,18.18
199-32-9596,Thomasa Huggen,36,Polygender,45.17,81,17.6,9,3,93,2,92,18.94
537-81-3844,Vittorio McKleod,22,Non-binary,9.12,113,41.9,3,1,20,7,81,8.54
701-09-8034,Allx Rollings,34,Female,64.28,108,30.9,5,2,47,9,104,8.6
805-86-4981,Dukey Bliss,46,Genderfluid,41.2,177,29.5,7,3,51,10,101,8.72
164-62-0864,Elise Gledhall,25,Polygender,15.67,81,46.8,10,3,80,4,110,23.68
555-49-0367,Judith Kittel,31,Genderqueer,56.78,65,8.1,1,3,56,4,104,8.52
447-77-7417,Rodge Branney,19,Genderqueer,57.86,73,24.9,5,1,26,1,104,5.06
865-73-1884,Tova Frantzen,49,Agender,51.32,172,34.9,9,0,79,3,81,10.35
873-69-7312,Robenia Rasor,27,Female,47.77,140,25.9,4,1,46,1,82,7.55
851-06-8816,Daron Adamovicz,58,Genderfluid,11.18,176,27,9,3,39,9,119,10.46
496-88-1873,Honor Headford,41,Male,27.06,91,45.6,10,3,86,4,115,25.97
533-14-0286,Lydon Norton,24,Genderqueer,10.62,125,46.3,5,0,22,6,103,10.57
867-93-4453,Alonso Campey,44,Genderqueer,29.06,166,35.7,2,0,35,9,118,10.57
594-93-7129,William Maker,27,Non-binary,61.56,120,45.9,8,1,97,4,116,19.07
132-89-5737,Flinn Feirn,55,Polygender,34.69,114,5.5,1,3,82,7,111,19.72
764-65-2236,Filberto Myrie,25,Bigender,24.91,155,20.6,10,0,82,2,118,20.9
452-51-7540,Leilah MacTague,60,Male,38.78,71,26.2,4,1,82,2,100,17.99
103-87-6019,Clevey Delnevo,26,Bigender,58.07,126,38.6,4,2,4,7,111,2.29
521-75-8902,Emmy Maudling,31,Male,64.82,63,22.4,3,1,10,6,109,-0.24
538-62-1223,Auroora Saddington,52,Non-binary,53.57,153,48,6,0,85,1,89,13.58
578-99-0034,Bartolemo Youtead,41,Non-binary,31.08,112,44.6,2,2,43,2,86,14.06
824-03-2298,Siegfried Hicken,48,Female,44.7,168,38.8,2,2,64,6,104,11.22
118-87-2614,Inessa Havercroft,19,Polygender,12.65,134,17.6,1,0,31,7,87,8.52
622-60-8770,Millicent Bostick,30,Male,30.3,100,26.8,4,0,87,6,105,23.24
578-76-7162,Marje McGlue,57,Genderqueer,23.74,138,49.7,4,2,42,3,94,14.49
270-28-7512,Costanza Heinish,56,Genderfluid,53.15,143,10.7,8,3,45,7,106,7.56
785-31-9335,Logan Crosio,25,Bigender,45.14,176,27.8,7,1,73,5,113,12.8
476-55-7289,Magdalene Sogg,59,Agender,38.1,131,19.4,5,2,44,6,115,12.52
877-61-8759,Valina Alltimes,20,Polygender,57.27,178,42.3,7,3,10,1,116,0.79
504-93-7588,Rhody Haskell,42,Bigender,27.75,103,31.4,3,3,34,9,119,16.1
437-69-7457,Culver Tregenza,57,Bigender,48.48,109,10.2,1,2,74,10,117,16.19
438-51-1619,Shina Kubasek,19,Polygender,40.38,159,32.8,1,0,31,6,102,6.58
370-82-6833,Christy Lindmark,32,Non-binary,61.74,83,29,3,2,94,6,107,16.59
151-57-6392,Aurora Cawkill,44,Male,62.01,109,8.8,4,0,42,7,89,5.44
770-79-7988,Sonja Liddel,48,Genderqueer,47.71,180,31.6,4,0,12,10,115,1.09
693-64-7636,Edna Mettericke,18,Male,39.69,168,9.6,6,3,78,10,83,11.79
312-04-3741,Claresta Dotson,41,Genderfluid,46.89,153,22.6,3,1,40,8,105,7.01
527-71-0137,Cam Alyutin,31,Non-binary,62.67,93,47.9,7,2,71,8,106,14.42
347-85-4527,Ricca Daniello,54,Genderqueer,48.98,142,24.9,2,0,62,2,86,9.67
515-36-4152,Quentin Sibun,32,Genderqueer,14.64,95,8.6,3,3,40,3,117,15.82
447-73-5967,Matty Duckham,40,Male,18.14,151,45.6,4,2,51,6,92,14.13
226-59-8851,Bev Lund,22,Genderqueer,13.91,88,49.4,7,2,52,2,97,17.76
739-17-4672,Reg Poleye,43,Non-binary,11.87,105,34.1,4,2,27,6,92,11.77
712-86-5644,Madeline Andreini,37,Bigender,47.43,149,3.8,8,1,25,3,100,4.09
205-86-9457,Beatrice Ilyenko,51,Bigender,13.21,64,15.8,8,0,55,7,111,15.19
116-06-0398,Sean Upex,31,Genderfluid,19.35,125,0.4,8,3,46,1,109,15.77
662-22-6978,Hendrick Suddell,26,Genderqueer,60.08,148,45.4,1,1,96,1,112,16.09
360-16-7951,Josiah Blastock,19,Polygender,10.9,83,27.3,1,3,93,7,81,20.37
701-07-5591,Lexie Langrish,26,Bigender,62.12,165,28.9,4,3,88,4,119,13.1
577-26-9575,Paco Buckmaster,54,Agender,57.12,176,3,3,1,56,8,91,3.36
221-09-4531,Saxe Napier,25,Polygender,34.68,176,15.5,9,1,46,4,99,8.9
556-38-8051,Christophe LLelweln,42,Genderqueer,46.26,164,15.7,4,3,79,7,82,10.9
448-12-2809,Adamo Farron,46,Non-binary,11.16,134,28,2,0,77,6,82,16.12
620-01-0297,Wadsworth Gillan,60,Genderqueer,29.57,104,4.4,2,0,1,7,88,5.45
670-91-4349,Reider Pagon,51,Non-binary,41.37,170,49.5,1,1,36,7,90,6.01
797-77-3099,Kylie Reilingen,57,Non-binary,30.94,77,24.6,1,1,85,6,114,21.35
782-45-9981,Kimberly Hilary,19,Genderfluid,38.52,127,8.8,10,2,79,7,109,18.23
723-38-6457,Katharine Elstob,25,Genderfluid,20.58,70,22.9,3,3,93,3,83,21.82
539-84-4291,Jobyna Byass,34,Non-binary,26.35,75,35.2,4,1,13,3,82,8.17
667-85-6949,Eadith Whiles,43,Bigender,14.53,135,22.7,4,3,53,2,110,15.79
773-07-7036,Claudie Barford,59,Genderqueer,38.91,147,14.6,4,1,95,9,110,18.64
745-40-3540,Alphonse Kinghorne,19,Male,37.28,106,19.1,1,1,5,4,98,6.28
759-41-8167,Heriberto Harden,27,Bigender,28,132,37.1,1,1,25,2,88,9.71
291-98-8724,Atlante Ludovico,48,Polygender,16.81,90,17.6,2,1,43,6,85,13.38
183-17-9122,Timmie McGaffey,40,Bigender,55.89,130,15.7,2,0,100,4,89,15.3
237-89-8091,Seymour Kneale,23,Female,37.54,161,44,8,2,94,7,110,19.9
711-52-6344,Colline Riche,38,Male,13.76,101,23,8,1,39,6,110,15.9
589-73-0183,Anton Rawcliffe,55,Bigender,30.15,162,26.9,5,3,89,5,90,17.77
438-49-1509,Haleigh Dorow,38,Female,42.82,60,1.4,5,1,52,4,113,11.1
306-37-9255,Joelynn Gouda,28,Bigender,62.58,104,29.8,4,3,65,5,94,11.7
494-70-8243,Analiese Yarrall,59,Non-binary,50.79,175,17,4,2,64,2,103,8.55
197-72-7370,Bird Gardener,25,Non-binary,54.84,60,49.2,1,2,13,1,88,1.93
882-90-0870,Michaella Jekyll,60,Agender,27.83,160,35.5,2,1,78,5,109,18.14
472-93-9619,Bettine Vakhonin,49,Female,45.15,128,27.5,4,0,8,6,86,2.55
677-57-0543,Sibley Fabri,48,Bigender,22.11,147,40.2,5,3,88,8,91,21.16
738-09-9095,Tonya Fyfield,59,Genderfluid,28.03,112,21,6,1,64,6,109,19.17
420-59-1333,Michell Jochens,22,Genderfluid,50.23,136,17,10,1,54,9,85,8.67
296-14-4615,Oliy Havile,47,Genderfluid,58.45,88,20.1,4,2,73,8,98,12.81
677-51-6289,Laura Martins,45,Polygender,21.48,147,18.9,6,3,22,4,93,9.45
626-83-7786,Floria Gornal,30,Genderqueer,27.17,139,20.9,10,2,84,4,110,21.43
799-70-1586,Arlie Titcomb,56,Bigender,40.51,75,24,2,1,76,6,91,15.56
463-22-7198,Prent Airton,41,Polygender,53.04,121,0.2,3,0,28,8,103,4.75
338-83-0333,Joshia Gilleson,29,Male,63.61,157,6.3,5,3,0,0,96,-4.42
292-32-2113,Romy Newtown,22,Genderqueer,45.54,117,25.9,9,1,42,3,92,10.51
874-89-7666,Berta Allaker,37,Polygender,52.1,141,46.1,3,3,31,9,117,7.77
425-98-1688,Horace Summerfield,38,Male,41.45,143,37.9,1,1,12,0,85,3.51
596-10-0187,Harbert Dundredge,25,Male,19.44,145,41.5,10,1,99,6,97,23.84
615-72-8723,Karrie Haycroft,47,Bigender,41.1,88,26.1,8,3,33,1,103,11.53
333-66-0570,Bradan Thyng,23,Bigender,43.05,135,35.5,5,2,58,10,111,13.84
267-36-1194,Alvie Vink,35,Genderqueer,52.48,159,49.1,6,3,93,9,90,14.81
487-26-4286,Briney Aulsford,44,Non-binary,55.01,134,23.7,5,0,30,3,100,5.01
632-43-0728,Jorey Scard,24,Polygender,38.28,123,23.3,7,0,12,4,112,7.8
715-63-8780,Lilli Ropp,30,Agender,58.12,127,24.9,4,2,61,4,118,11.99
412-87-5302,Carolee Bolderoe,53,Bigender,29.76,78,17.1,7,0,96,7,100,22.35
618-06-0191,Tomkin Calltone,32,Female,46.51,123,42.1,8,1,68,8,93,14.69
712-54-4168,Ashleigh Ousbie,49,Genderfluid,18.3,177,2,10,2,47,8,91,9.59
483-82-7755,Adolf Lotwich,56,Bigender,17.99,80,23.1,3,2,52,3,107,17.01
484-88-9224,Brent Radki,53,Agender,58.43,156,17.9,10,0,44,10,106,5.18
621-34-5264,Marjie Crosswaite,49,Genderqueer,52.56,87,45.3,4,0,68,7,101,14.5
158-80-9540,Wallie Boteman,44,Genderqueer,16.55,177,31.2,6,0,73,2,115,16.96
749-95-3173,Meta Huckle,45,Genderfluid,41.29,81,46,6,1,97,8,95,21.21
410-61-8578,Clarence Denyakin,38,Female,38.39,61,35.6,6,1,21,5,115,8.81
784-40-0431,Rockey Cassel,33,Bigender,58.67,104,2.2,3,1,42,4,96,7.12
140-76-0311,Pamelina Penkman,22,Genderfluid,41.35,151,42.2,3,3,91,3,85,16.89
667-26-8163,Ninon Lomansey,57,Genderqueer,25.37,153,27.6,5,0,61,10,104,15.38
615-78-4484,Blythe Bode,51,Agender,29.47,151,45.6,4,1,9,8,103,6.77
430-27-2899,Davon Iczokvitz,57,Male,37.73,144,42.8,2,3,93,10,81,17.6
755-19-5143,Ainsley Given,41,Male,10.99,99,1.4,5,0,22,3,80,8.36
356-77-4221,Tildy Mallinson,26,Male,27.98,147,11.9,3,3,7,0,105,6.31
112-21-3307,Barnebas Highton,60,Non-binary,44.86,75,23.4,7,1,96,1,89,18.58
715-54-1544,Fielding Wilcher,43,Male,9.22,135,38.3,10,0,50,3,115,15.5
275-59-1270,Cassi Gashion,52,Agender,45.73,105,13.6,5,3,45,8,105,11.93
490-21-2853,Latrena Hacun,41,Genderqueer,33.52,72,18.5,1,1,31,0,101,10.14
733-67-8569,Bibby O'Henehan,29,Agender,19.3,143,8.4,9,1,95,7,105,22.18
630-40-7221,Carry Foster-Smith,20,Female,46.53,135,30.2,4,2,86,3,101,17.01
617-43-7561,Saleem Clyma,35,Genderqueer,15.95,170,1,6,1,96,7,96,17.94
264-67-3688,Francesco Wherrett,45,Genderqueer,60.92,76,7,5,3,57,1,104,9.13
410-03-9733,Arman Dunphie,20,Genderfluid,54.63,119,36.3,1,0,67,3,97,12.66
157-57-7399,Isabeau Hender,32,Bigender,28.99,179,29.9,2,1,81,0,97,15.9
590-76-4265,Maryrose Stubbeley,28,Polygender,25.44,95,44.1,6,1,45,0,109,18.69
566-86-3629,Fidelio Death,29,Male,52.89,122,27,1,1,32,10,92,5.59
229-13-1288,Claybourne Wartonby,55,Non-binary,52.34,131,0.9,4,2,37,9,119,7.37
350-80-4743,Yolande Benko,55,Polygender,10.04,140,21.3,6,0,12,8,90,4.98
159-49-0972,Josias Brassington,50,Genderfluid,9.66,131,27.9,6,3,13,10,91,6.49
171-06-0244,Briana Haye,30,Non-binary,46.09,89,15,4,0,70,8,118,16.45
127-83-8346,Albertina Corben,25,Female,45.81,69,18.6,7,0,51,2,108,11.65
168-49-0814,Joscelin Dewhirst,28,Non-binary,18.92,84,3.1,5,1,43,5,109,15.23
381-68-8275,Elmo Renhard,28,Non-binary,64.13,68,32.3,10,1,20,10,98,1.99
757-76-1777,Lilla Wayon,20,Male,9.4,120,42.9,7,2,17,9,95,9.27
586-11-7292,Augusta Beverstock,34,Male,15.02,94,0.7,10,3,58,10,86,15.97
777-95-8591,Pall Lukes,24,Agender,29.3,149,46.8,4,1,72,10,107,18.09
415-28-9279,Karissa O' Byrne,60,Polygender,57.46,66,35.3,10,3,43,8,91,7
573-56-8778,Abbott Deakes,49,Agender,49.25,100,5,6,0,11,6,81,3.03
